<Ui xmlns="http://www.blizzard.com/wow/ui/" xmlns:xsi="http://www.w3.org/2001/XMLSchema-instance" xsi:schemaLocation="http://www.blizzard.com/wow/ui/
..\FrameXML\UI.xsd">
	<Script file="localization.lua"/>
	<Script file="TitanReloadUI.lua"/>
	<Frame parent="UIParent">
		<Frames>
			<Button name="TitanPanelReloadUIButton" inherits="TitanPanelTextTemplate" frameStrata="FULLSCREEN" toplevel="true">
				<Scripts>
					<OnLoad>
						TitanPanelReloadUIButton_OnLoad();
						TitanPanelButton_OnLoad();
					</OnLoad>
					<OnEvent>
						TitanPanelReloadUIButton_OnEvent();
					</OnEvent>
					<OnEnter>
						TitanPanelButton_OnEnter();
					</OnEnter>
					<OnClick>
						TitanPanelReloadUIButton_OnClick(arg1);
						TitanPanelButton_OnClick(arg1);
					</OnClick>
				</Scripts>
			</Button>
		</Frames>
	</Frame>
</Ui>
