<Ui xmlns="http://www.blizzard.com/wow/ui/" xmlns:xsi="http://www.w3.org/2001/XMLSchema-instance" xsi:schemaLocation="http://www.blizzard.com/wow/ui/
..\FrameXML\UI.xsd">
	<Script file="Localization.lua"/>
	<Script file="TitanPvPStatus.lua"/>
	<Frame parent="UIParent">
		<Frames>
			<Button name="TitanPanelPvPStatusButton" inherits="TitanPanelComboTemplate" frameStrata="FULLSCREEN" toplevel="true">
				<Scripts>
					<OnLoad>
						TitanPanelPvPStatusButton_OnLoad()
						TitanPanelButton_OnLoad()
					</OnLoad>
                        <OnEvent>
                                TitanPanelPvPStatusButton_OnEvent(event)
                        </OnEvent>
			<OnUpdate>
                                PvPStatus_OnUpdate(arg1);
                        </OnUpdate>
			<OnClick>
				TitanPanelButton_OnClick(arg1);
				TitanPanelPVPStatusButton_OnClick();
			</OnClick>
				</Scripts>
			</Button>
		</Frames>
	</Frame>
</Ui>