<Ui xmlns="http://www.blizzard.com/wow/ui/" xmlns:xsi="http://www.w3.org/2001/XMLSchema-instance" xsi:schemaLocation="http://www.blizzard.com/wow/ui/
..\FrameXML\UI.xsd">
	<Script file="Localization.lua"/>
	<Script file="EmoteData.EN.lua"/>
	<Script file="EmoteData.FR.lua"/>
	<Script file="EmoteData.DE.lua"/>
	<Script file="TitanEmoteMenu.lua"/>
	<Frame parent="UIParent">
		<Frames>
			<Button name="TitanPanelEmoteMenuButton" inherits="TitanPanelComboTemplate" frameStrata="FULLSCREEN" toplevel="true">
				<Scripts>
					<OnLoad>
						TitanPanelEmoteMenuButton_OnLoad();
						TitanPanelButton_OnLoad();
					</OnLoad>
					<OnEvent>
						TitanPanelEmoteMenuButton_OnEvent();
					</OnEvent>
				</Scripts>
			</Button>
			<Button name="TitanPanelEmoteMenuRightButton" inherits="TitanPanelIconTemplate" frameStrata="FULLSCREEN" toplevel="true">
				<Scripts>
					<OnLoad>
						TitanPanelEmoteMenuRightButton_OnLoad();
						TitanPanelButton_OnLoad();
					</OnLoad>
				</Scripts>
			</Button>
		</Frames>
	</Frame>	
	<EditBox name="TitanPanelEmoteMenuEditBox" inherits="ChatFrameEditBoxTemplate" parent="UIParent" hidden="true">       
		<Scripts>                           
		  <OnLoad>                         
		  </OnLoad>                        
		</Scripts>                          
	</EditBox> 
</Ui>