<Ui xmlns="http://www.blizzard.com/wow/ui/" xmlns:xsi="http://www.w3.org/2001/XMLSchema-instance" xsi:schemaLocation="http://www.blizzard.com/wow/ui/
..\FrameXML\UI.xsd">
	<Script file="localization.lua"/>
	<Script file="TitanRuneTeleportCounter.lua"/>
	<Frame parent="UIParent">
		<Frames>
			<Button name="TitanPanelRuneTeleportCounterButton" inherits="TitanPanelComboTemplate" frameStrata="FULLSCREEN" toplevel="true">
				<Scripts>
					<OnLoad>
						TitanPanelRuneTeleportCounterButton_OnLoad();
						TitanPanelButton_OnLoad();
					</OnLoad>
					<OnUpdate>
						TitanPanelRuneTeleportCounterButton_OnUpdate(arg1);
					</OnUpdate>
				</Scripts>
			</Button>
		</Frames>
	</Frame>
	<MessageFrame name="TitanPanelRuneTeleportCounter_WarningFrame" insertMode="BOTTOM" parent="UIParent" frameStrata="HIGH" toplevel="true">
		<Size>
			<AbsDimension x="512" y="100"/>
		</Size>
		<Anchors>
			<Anchor point="CENTER"/>
		</Anchors>
		<FontString inherits="ErrorFont" justifyH="CENTER"/>
	</MessageFrame>
</Ui>