<Ui xmlns="http://www.blizzard.com/wow/ui/" xmlns:xsi="http://www.w3.org/2001/XMLSchema-instance" xsi:schemaLocation="http://www.blizzard.com/wow/ui/
..\FrameXML\UI.xsd">
	<Script file="Localization.lua"/>
	<Script file="TitanInn.lua"/>
	<Frame parent="UIParent">
		<Frames>
			<Button name="TitanPanelInnButton" inherits="TitanPanelTextTemplate" frameStrata="FULLSCREEN" toplevel="true">
				<Scripts>
					<OnLoad>
						TitanPanelInnButton_OnLoad()
						TitanPanelButton_OnLoad()
					</OnLoad>

				</Scripts>
			</Button>
		</Frames>
	</Frame>
</Ui>