<Ui xmlns="http://www.blizzard.com/wow/ui/" xmlns:xsi="http://www.w3.org/2001/XMLSchema-instance" xsi:schemaLocation="http://www.blizzard.com/wow/ui/
..\FrameXML\UI.xsd">
	<Script file="localization.lua"/>
	<Script file="TitanGuild.lua"/>
	<Script file="TitanGuildMenu.lua"/>
	<Script file="TitanGuildFilterMenu.lua"/>
	<Script file="TitanGuildPaging.lua"/>
	<Frame parent="UIParent">
		<Frames>
			<Button name="TitanPanelGuildButton" inherits="TitanPanelComboTemplate" frameStrata="FULLSCREEN" toplevel="true">
				<Scripts>
					<OnLoad>
						TitanPanelGuildButton_OnLoad();
						TitanPanelButton_OnLoad();
					</OnLoad>
					<OnEvent>
						TitanPanelGuildButton_OnEvent();
					</OnEvent>
					<OnEnter>
						TitanPanelGuildButton_OnEnter();
						TitanPanelButton_OnEnter();
					</OnEnter>									
					<OnUpdate>
						TitanPanelGuildButton_OnUpdate(arg1);						
					</OnUpdate>
					<OnClick>
						TitanPanelGuildButton_OnClick(arg1);
						TitanPanelButton_OnClick(arg1);					
					</OnClick>													
				</Scripts>
			</Button>			
		</Frames>
	</Frame>	
</Ui>