<Ui xmlns="http://www.blizzard.com/wow/ui/" xmlns:xsi="http://www.w3.org/2001/XMLSchema-instance" xsi:schemaLocation="http://www.blizzard.com/wow/ui/
..\FrameXML\UI.xsd">
	<Script file="TitanTradeCooldown.lua"/>
	<Frame parent="UIParent">
		<Frames>
			<Button name="TitanPanelTradeCooldownButton" inherits="TitanPanelComboTemplate" frameStrata="FULLSCREEN" toplevel="true">
				<Scripts>
					<OnLoad>
						TitanPanelTradeCooldownButton_OnLoad();
						TitanPanelButton_OnLoad();
					</OnLoad>
					<OnEvent>
						TitanPanelTradeCooldownButton_OnEvent(event);
					</OnEvent>
					<OnUpdate>
						TitanPanelTradeCooldown_OnUpdate(arg1);
					</OnUpdate>
				</Scripts>
			</Button>
		</Frames>
	</Frame>	
</Ui>

