<Ui xmlns="http://www.blizzard.com/wow/ui/" xmlns:xsi="http://www.w3.org/2001/XMLSchema-instance" xsi:schemaLocation="http://www.blizzard.com/wow/ui/
..\FrameXML\UI.xsd">
	<Script file="Localization.lua"/>
	<Script file="TitanSpeed.lua"/>
	<Frame parent="UIParent">
		<Frames>
			<Button name="TitanPanelSpeedButton" inherits="TitanPanelComboTemplate" frameStrata="FULLSCREEN" toplevel="true">
				<Scripts>
					<OnLoad>
						TitanPanelSpeedButton_OnLoad()
						TitanPanelButton_OnLoad()
					</OnLoad>
					<OnUpdate>
						TitanPanelSpeedButton_OnUpdate(arg1)
					</OnUpdate>
					<OnEvent>
						TitanPanelSpeed_OnEvent()
					</OnEvent>
				</Scripts>
			</Button>
		</Frames>
	</Frame>
	<Frame name="TitanPanelSpeedDummy" parent="WorldMapFrame">
		<Scripts>
			<OnShow>
				TitanPanelSpeed_OnShow();
			</OnShow>
		</Scripts>
	</Frame>
</Ui>