<Ui xmlns="http://www.blizzard.com/wow/ui/" xmlns:xsi="http://www.w3.org/2001/XMLSchema-instance" xsi:schemaLocation="http://www.blizzard.com/wow/ui/
..\FrameXML\UI.xsd">
	<Script file="Localization.lua"/>
	<Script file="TitanAuctions.lua"/>
	<Frame parent="UIParent">
		<Frames>
			<Button name="TitanPanelAuctionsButton" inherits="TitanPanelComboTemplate" frameStrata="FULLSCREEN" toplevel="true">
				<Scripts>
					<OnLoad>
						TitanPanelAuctionsButton_OnLoad();
						TitanPanelButton_OnLoad();
					</OnLoad>
					<OnEvent>
						TitanPanelAuctionsButton_OnEvent();
					</OnEvent>
					<OnClick>
						TitanPanelAuctionsButton_OnClick(arg1);
						TitanPanelButton_OnClick(arg1);
					</OnClick>
				</Scripts>
			</Button>
		</Frames>
	</Frame>	
	
   <Frame name="TitanAuctionsMain" parent="UIParent"  hidden="false" toplevel="true">
		<Frames>
		</Frames>
    	<Scripts>    	
			<OnUpdate>
				TitanAuctions_OnUpdate(arg1);
			</OnUpdate>      					    	
      </Scripts>					
   </Frame>
	
	<GameTooltip name="TPAuctionsTooltip" frameStrata="TOOLTIP" hidden="true" parent="UIParent" inherits="GameTooltipTemplate"/>
</Ui>