<Ui xmlns="http://www.blizzard.com/wow/ui/"
xmlns:xsi="http://www.w3.org/2001/XMLSchema-instance"
xsi:schemaLocation="http://www.blizzard.com/wow/ui/ ..\FrameXML\UI.xsd">
<!--
	Version: 3.9.0.0971 (Kangaroo)
	Revision: $Id: Stubby.xml 954 2006-07-24 03:51:24Z mentalpower $

	License:
		This program is free software; you can redistribute it and/or
		modify it under the terms of the GNU General Public License
		as published by the Free Software Foundation; either version 2
		of the License, or (at your option) any later version.

		This program is distributed in the hope that it will be useful,
		but WITHOUT ANY WARRANTY; without even the implied warranty of
		MERCHANTABILITY or FITNESS FOR A PARTICULAR PURPOSE.  See the
		GNU General Public License for more details.

		You should have received a copy of the GNU General Public License
		along with this program(see GLP.txt); if not, write to the Free Software
		Foundation, Inc., 51 Franklin Street, Fifth Floor, Boston, MA  02110-1301, USA.
-->

	<Frame name="StubbyFrame" parent="UIParent" hidden="true">
		<Scripts>
			<OnLoad>
				this:RegisterEvent("ADDON_LOADED")
				this:RegisterEvent("VARIABLES_LOADED");
				this:RegisterEvent("PLAYER_LOGIN");
			</OnLoad>
			<OnEvent>
				Stubby.Events(event, arg1)
			</OnEvent>
		</Scripts>
	</Frame>
</Ui>
