<Ui xmlns="http://www.blizzard.com/wow/ui/" xmlns:xsi="http://www.w3.org/2001/XMLSchema-instance" xsi:schemaLocation="http://www.blizzard.com/wow/ui/
..\FrameXML\UI.xsd">
	<Script file="Localization.lua"/>
	<Script file="TitanAlarmClockWrangler.lua"/>
	<Script file="TitanAlarmClockWranglerOptions.lua"/>
	<CheckButton name="TITAN_ACWOptionsCheckButtonTemplate" inherits="OptionsCheckButtonTemplate" virtual="true">
		<Scripts>
			<OnClick>
				TITAN_ACWOptionsCheckButton_OnClick();
			</OnClick>
		</Scripts>
	</CheckButton>
	<CheckButton name="TITAN_ACWOptionsToggleCheckButtonTemplate" inherits="OptionsCheckButtonTemplate" virtual="true">
		<Scripts>
			<OnClick>
				TITAN_ACWOptionsToggleCheckButton_OnClick();
			</OnClick>
		</Scripts>
	</CheckButton>
	<Frame name="TITAN_ACW_Options" toplevel="true" frameStrata="DIALOG" movable="true" enableMouse="true" hidden="true" parent="UIParent" enableKeyboard="true">
		<Size>
			<AbsDimension x="340" y="595"/>
		</Size>
		<Anchors>
			<Anchor point="CENTER"/>
		</Anchors>
		<Backdrop bgFile="Interface\DialogFrame\UI-DialogBox-Background" edgeFile="Interface\DialogFrame\UI-DialogBox-Border" tile="true">
			<BackgroundInsets>
				<AbsInset left="11" right="12" top="12" bottom="11"/>
			</BackgroundInsets>
			<TileSize>
				<AbsValue val="32"/>
			</TileSize>
			<EdgeSize>
				<AbsValue val="32"/>
			</EdgeSize>
		</Backdrop>
		<Layers>
			<Layer level="ARTWORK">
				<Texture name="TITAN_ACWOptionsFrameHeader" file="Interface\DialogFrame\UI-DialogBox-Header">
					<Size>
						<AbsDimension x="430" y="64"/>
					</Size>
					<Anchors>
						<Anchor point="TOP">
							<Offset>
								<AbsDimension x="0" y="12"/>
							</Offset>
						</Anchor>
					</Anchors>
				</Texture>
				<FontString inherits="GameFontNormal" text="ACW_OPTIONS_TITLE">
					<Anchors>
						<Anchor point="TOP" relativeTo="TITAN_ACWOptionsFrameHeader">
							<Offset>
								<AbsDimension x="0" y="-14"/>
							</Offset>
						</Anchor>
					</Anchors>
				</FontString>
			</Layer>
		</Layers>
		<Frames>
			<Frame name="TITAN_ACWOptionsFrameTimeFormatDropDown" inherits="UIDropDownMenuTemplate" enableMouse="true">
				<Anchors>
					<Anchor point="TOPLEFT" relativePoint="TOPLEFT">
						<Offset>
							<AbsDimension x="161" y="-32"/>
						</Offset>
					</Anchor>
				</Anchors>
				<Layers>
					<Layer level="BACKGROUND">
						<FontString name="TITAN_ACWOptionsFrameTimeFormatDropDownText" inherits="GameFontNormal" text="ACW_OPTIONS_TIMEFORMAT">
							<Anchors>
								<Anchor point="LEFT" relativePoint="LEFT">
									<Offset>
										<AbsDimension x="-95" y="4"/>
									</Offset>
								</Anchor>
							</Anchors>
						</FontString>
					</Layer>
				</Layers>
			</Frame>
			<Frame name="TITAN_ACWOptionsFrameOffsetDropDown" inherits="UIDropDownMenuTemplate" enableMouse="true">
				<Anchors>
					<Anchor point="TOPLEFT" relativePoint="TOPLEFT">
						<Offset>
							<AbsDimension x="161" y="-62"/>
						</Offset>
					</Anchor>
				</Anchors>
				<Layers>
					<Layer level="BACKGROUND">
						<FontString name="TITAN_ACWOptionsFrameOffsetDropDownText" inherits="GameFontNormal" text="ACW_OPTIONS_OFFSET">
							<Anchors>
								<Anchor point="LEFT" relativePoint="LEFT">
									<Offset>
										<AbsDimension x="-95" y="4"/>
									</Offset>
								</Anchor>
							</Anchors>
						</FontString>
					</Layer>
				</Layers>
			</Frame>
			<Frame name="TITAN_ACWOptionsFrameOffsetMinuteDropDown" inherits="UIDropDownMenuTemplate" enableMouse="true">
				<Anchors>
					<Anchor point="TOPLEFT" relativePoint="TOPLEFT">
						<Offset>
							<AbsDimension x="161" y="-92"/>
						</Offset>
					</Anchor>
				</Anchors>
				<Layers>
					<Layer level="BACKGROUND">
						<FontString name="TITAN_ACWOptionsFrameOffsetMinuteDropDownText" inherits="GameFontNormal" text="ACW_OPTIONS_OFFSET_MIN">
							<Anchors>
								<Anchor point="LEFT" relativePoint="LEFT">
									<Offset>
										<AbsDimension x="-95" y="4"/>
									</Offset>
								</Anchor>
							</Anchors>
						</FontString>
					</Layer>
				</Layers>
			</Frame>
			<Frame name="TITAN_ACWOptionsFrameModeDropDown" inherits="UIDropDownMenuTemplate" enableMouse="true">
				<Anchors>
					<Anchor point="TOPLEFT" relativePoint="TOPLEFT">
						<Offset>
							<AbsDimension x="161" y="-122"/>
						</Offset>
					</Anchor>
				</Anchors>
				<Layers>
					<Layer level="BACKGROUND">
						<FontString name="TITAN_ACWOptionsFrameModeDropDownText" inherits="GameFontNormal" text="Mode:">
							<Anchors>
								<Anchor point="LEFT" relativePoint="LEFT">
									<Offset>
										<AbsDimension x="-95" y="4"/>
									</Offset>
								</Anchor>
							</Anchors>
						</FontString>
					</Layer>
				</Layers>
			</Frame>
			<Frame name="TITAN_ACWAlarm1Frame" enableMouse="true">
				<Size>
					<AbsDimension x="310" y="110"/>
				</Size>
				<Anchors>
					<Anchor point="TOPLEFT" relativePoint="TOPLEFT">
						<Offset>
							<AbsDimension x="15" y="-160"/>
						</Offset>
					</Anchor>
				</Anchors>
				<Layers>
					<Layer level="BACKGROUND">
						<FontString name="TITAN_ACWAlarm1FrameText1" inherits="GameFontNormalSmall" text="ACW_OPTIONS_ALARM1ON">
							<Anchors>
								<Anchor point="TOPLEFT" relativePoint="TOPLEFT">
									<Offset>
										<AbsDimension x="35" y="-15"/>
									</Offset>
								</Anchor>
							</Anchors>
						</FontString>
						<FontString name="TITAN_ACWAlarm1FrameText2" inherits="GameFontNormalSmall" text="ACW_OPTIONS_ALARM1TEXT">
							<Anchors>
								<Anchor point="TOPLEFT" relativePoint="TOPLEFT">
									<Offset>
										<AbsDimension x="9" y="-40"/>
									</Offset>
								</Anchor>
							</Anchors>
						</FontString>
						<FontString name="TITAN_ACWAlarm1FrameText3" inherits="GameFontNormalSmall" text="ACW_OPTIONS_ALARM1TIME">
							<Anchors>
								<Anchor point="TOPLEFT" relativePoint="TOPLEFT">
									<Offset>
										<AbsDimension x="9" y="-83"/>
									</Offset>
								</Anchor>
							</Anchors>
						</FontString>
						<FontString name="TITAN_ACWAlarm1FrameText4" inherits="GameFontNormalSmall" text=":">
							<Anchors>
								<Anchor point="TOPLEFT" relativePoint="TOPLEFT">
									<Offset>
										<AbsDimension x="106" y="-83"/>
									</Offset>
								</Anchor>
							</Anchors>
						</FontString>
					</Layer>
				</Layers>
				<Backdrop bgFile="Interface\DialogFrame\UI-DialogBox-Background" edgeFile="Interface\Tooltips\UI-Tooltip-Border" tile="true">
					<BackgroundInsets>
						<AbsInset left="4" right="4" top="4" bottom="4"/>
					</BackgroundInsets>
					<TileSize>
						<AbsValue val="32"/>
					</TileSize>
					<EdgeSize>
						<AbsValue val="18"/>
					</EdgeSize>
				</Backdrop>
				<Frames>
					<CheckButton name="TITAN_ACWOptionsAlarm1CheckButton" inherits="TITAN_ACWOptionsCheckButtonTemplate" id="3">
						<Anchors>
							<Anchor point="TOPLEFT" relativePoint="TOPLEFT">
								<Offset>
									<AbsDimension x="5" y="-5"/>
								</Offset>
							</Anchor>
						</Anchors>
					</CheckButton>
					<EditBox historyLines="0" letters="100" name="TITAN_ACWOptionsAlarm1EditBox" ignoreArrows="true">
						<Size>
							<AbsDimension x="295" y="26"/> 
						</Size>
						<Anchors>
							<Anchor point="TOPLEFT" relativePoint="TOPLEFT">
								<Offset>
									<AbsDimension x="7" y="-50"/>
								</Offset>
							</Anchor>
						</Anchors>
						<Backdrop bgFile="Interface\DialogFrame\UI-DialogBox-Background" edgeFile="Interface\Tooltips\UI-Tooltip-Border" tile="true">
							<BackgroundInsets>
								<AbsInset left="4" right="4" top="4" bottom="4"/>
							</BackgroundInsets>
							<TileSize>
								<AbsValue val="32"/>
							</TileSize>
							<EdgeSize>
								<AbsValue val="18"/>
							</EdgeSize>
						</Backdrop>
						<Scripts>
							<OnLoad>this:SetBackdropBorderColor(ACW_DLG_COLOR,ACW_DLG_COLOR,ACW_DLG_COLOR);</OnLoad>
							<OnShow>this:ClearFocus();</OnShow>
							<OnEnterPressed>this:ClearFocus();</OnEnterPressed>
							<OnEscapePressed>this:ClearFocus();</OnEscapePressed>
							<OnEditFocusLost>this:HighlightText(0,0);</OnEditFocusLost>
							<OnTabPressed>TITAN_ACWOptionsAlarm1HourEditBox:HighlightText();TITAN_ACWOptionsAlarm1HourEditBox:SetFocus();</OnTabPressed>
						</Scripts>
						<FontString bytes="256" inherits="ChatFontNormal"/>
						<TextInsets>
							<AbsInset left="6" right="6" top="0" bottom="0"/>
						</TextInsets>
					</EditBox>
					<EditBox historyLines="0" numeric="true" letters="2" name="TITAN_ACWOptionsAlarm1HourEditBox" ignoreArrows="true">
						<Size>
							<AbsDimension x="28" y="26"/> 
						</Size>
						<Anchors>
							<Anchor point="TOPLEFT" relativePoint="TOPLEFT">
								<Offset>
									<AbsDimension x="80" y="-75"/>
								</Offset>
							</Anchor>
						</Anchors>
						<Backdrop bgFile="Interface\DialogFrame\UI-DialogBox-Background" edgeFile="Interface\Tooltips\UI-Tooltip-Border" tile="true">
							<BackgroundInsets>
								<AbsInset left="4" right="4" top="4" bottom="4"/>
							</BackgroundInsets>
							<TileSize>
								<AbsValue val="32"/>
							</TileSize>
							<EdgeSize>
								<AbsValue val="18"/>
							</EdgeSize>
						</Backdrop>
						<Scripts>
							<OnLoad>
								this:SetBackdropBorderColor(ACW_DLG_COLOR,ACW_DLG_COLOR,ACW_DLG_COLOR);
							</OnLoad>
							<OnShow>this:ClearFocus();</OnShow>
							<OnEnterPressed>this:ClearFocus();</OnEnterPressed>
							<OnEscapePressed>this:ClearFocus();</OnEscapePressed>
							<OnEditFocusGained>this:HighlightText();</OnEditFocusGained>
							<OnEditFocusLost>this:HighlightText(0,0);</OnEditFocusLost>
							<OnTabPressed>TITAN_ACWOptionsAlarm1MinuteEditBox:HighlightText();TITAN_ACWOptionsAlarm1MinuteEditBox:SetFocus();</OnTabPressed>
						</Scripts>
						<FontString bytes="256" inherits="ChatFontNormal"/>
						<TextInsets>
							<AbsInset left="6" right="6" top="0" bottom="0"/>
						</TextInsets>
					</EditBox>
					<EditBox historyLines="0" numeric="true" letters="2" name="TITAN_ACWOptionsAlarm1MinuteEditBox" ignoreArrows="true">
						<Size>
							<AbsDimension x="28" y="26"/> 
						</Size>
						<Anchors>
							<Anchor point="TOPLEFT" relativePoint="TOPLEFT">
								<Offset>
									<AbsDimension x="110" y="-75"/>
								</Offset>
							</Anchor>
						</Anchors>
						<Backdrop bgFile="Interface\DialogFrame\UI-DialogBox-Background" edgeFile="Interface\Tooltips\UI-Tooltip-Border" tile="true">
							<BackgroundInsets>
								<AbsInset left="4" right="4" top="4" bottom="4"/>
							</BackgroundInsets>
							<TileSize>
								<AbsValue val="32"/>
							</TileSize>
							<EdgeSize>
								<AbsValue val="18"/>
							</EdgeSize>
						</Backdrop>
						<Scripts>
							<OnLoad>this:SetBackdropBorderColor(ACW_DLG_COLOR,ACW_DLG_COLOR,ACW_DLG_COLOR);</OnLoad>
							<OnShow>this:ClearFocus();</OnShow>
							<OnEnterPressed>this:ClearFocus();</OnEnterPressed>
							<OnEscapePressed>this:ClearFocus();</OnEscapePressed>
							<OnEditFocusGained>this:HighlightText();</OnEditFocusGained>
							<OnEditFocusLost>this:HighlightText(0,0);</OnEditFocusLost>
							<OnTabPressed>TITAN_ACWOptionsAlarm2EditBox:HighlightText();TITAN_ACWOptionsAlarm2EditBox:SetFocus();</OnTabPressed>
						</Scripts>
						<FontString bytes="256" inherits="ChatFontNormal"/>
						<TextInsets>
							<AbsInset left="6" right="6" top="0" bottom="0"/>
						</TextInsets>
					</EditBox>
					<CheckButton name="TITAN_ACWOptionsAlarm1PMCheckButton" inherits="TITAN_ACWOptionsToggleCheckButtonTemplate" hidden="true">
						<Size>
							<AbsDimension x="26" y="26"/> 
						</Size>
						<Anchors>
							<Anchor point="TOPLEFT" relativePoint="TOPLEFT">
								<Offset>
									<AbsDimension x="258" y="-75"/>
								</Offset>
							</Anchor>
						</Anchors>
					</CheckButton>
					<CheckButton name="TITAN_ACWOptionsAlarm1AMCheckButton" inherits="TITAN_ACWOptionsToggleCheckButtonTemplate" hidden="true">
						<Size>
							<AbsDimension x="26" y="26"/> 
						</Size>
						<Anchors>
							<Anchor point="TOPLEFT" relativePoint="TOPLEFT">
								<Offset>
									<AbsDimension x="213" y="-75"/>
								</Offset>
							</Anchor>
						</Anchors>
					</CheckButton>
				</Frames>
			</Frame>
			<Frame name="TITAN_ACWAlarm2Frame" enableMouse="true">
				<Size>
					<AbsDimension x="310" y="110"/>
				</Size>
				<Anchors>
					<Anchor point="TOPLEFT" relativePoint="TOPLEFT">
						<Offset>
							<AbsDimension x="15" y="-277"/>
						</Offset>
					</Anchor>
				</Anchors>
				<Layers>
					<Layer level="BACKGROUND">
						<FontString name="TITAN_ACWAlarm2FrameText1" inherits="GameFontNormalSmall" text="ACW_OPTIONS_ALARM2ON">
							<Anchors>
								<Anchor point="TOPLEFT" relativePoint="TOPLEFT">
									<Offset>
										<AbsDimension x="35" y="-15"/>
									</Offset>
								</Anchor>
							</Anchors>
						</FontString>
						<FontString name="TITAN_ACWAlarm2FrameText2" inherits="GameFontNormalSmall" text="ACW_OPTIONS_ALARM2TEXT">
							<Anchors>
								<Anchor point="TOPLEFT" relativePoint="TOPLEFT">
									<Offset>
										<AbsDimension x="9" y="-40"/>
									</Offset>
								</Anchor>
							</Anchors>
						</FontString>
						<FontString name="TITAN_ACWAlarm2FrameText3" inherits="GameFontNormalSmall" text="ACW_OPTIONS_ALARM2TIME">
							<Anchors>
								<Anchor point="TOPLEFT" relativePoint="TOPLEFT">
									<Offset>
										<AbsDimension x="9" y="-83"/>
									</Offset>
								</Anchor>
							</Anchors>
						</FontString>
						<FontString name="TITAN_ACWAlarm2FrameText4" inherits="GameFontNormalSmall" text=":">
							<Anchors>
								<Anchor point="TOPLEFT" relativePoint="TOPLEFT">
									<Offset>
										<AbsDimension x="106" y="-83"/>
									</Offset>
								</Anchor>
							</Anchors>
						</FontString>
					</Layer>
				</Layers>
				<Backdrop bgFile="Interface\DialogFrame\UI-DialogBox-Background" edgeFile="Interface\Tooltips\UI-Tooltip-Border" tile="true">
					<BackgroundInsets>
						<AbsInset left="4" right="4" top="4" bottom="4"/>
					</BackgroundInsets>
					<TileSize>
						<AbsValue val="32"/>
					</TileSize>
					<EdgeSize>
						<AbsValue val="18"/>
					</EdgeSize>
				</Backdrop>
				<Frames>
					<CheckButton name="TITAN_ACWOptionsAlarm2CheckButton" inherits="TITAN_ACWOptionsCheckButtonTemplate" id="4">
						<Anchors>
							<Anchor point="TOPLEFT" relativePoint="TOPLEFT">
								<Offset>
									<AbsDimension x="5" y="-5"/>
								</Offset>
							</Anchor>
						</Anchors>
					</CheckButton>
					<EditBox historyLines="0" letters="100" name="TITAN_ACWOptionsAlarm2EditBox" ignoreArrows="true">
						<Size>
							<AbsDimension x="295" y="26"/> 
						</Size>
						<Anchors>
							<Anchor point="TOPLEFT" relativePoint="TOPLEFT">
								<Offset>
									<AbsDimension x="7" y="-50"/>
								</Offset>
							</Anchor>
						</Anchors>
						<Backdrop bgFile="Interface\DialogFrame\UI-DialogBox-Background" edgeFile="Interface\Tooltips\UI-Tooltip-Border" tile="true">
							<BackgroundInsets>
								<AbsInset left="4" right="4" top="4" bottom="4"/>
							</BackgroundInsets>
							<TileSize>
								<AbsValue val="32"/>
							</TileSize>
							<EdgeSize>
								<AbsValue val="18"/>
							</EdgeSize>
						</Backdrop>
						<Scripts>
							<OnLoad>this:SetBackdropBorderColor(ACW_DLG_COLOR,ACW_DLG_COLOR,ACW_DLG_COLOR);</OnLoad>
							<OnShow>this:ClearFocus();</OnShow>
							<OnEnterPressed>this:ClearFocus();</OnEnterPressed>
							<OnEscapePressed>this:ClearFocus();</OnEscapePressed>
							<OnEditFocusLost>this:HighlightText(0,0);</OnEditFocusLost>
							<OnTabPressed>TITAN_ACWOptionsAlarm2HourEditBox:HighlightText();TITAN_ACWOptionsAlarm2HourEditBox:SetFocus();</OnTabPressed>
						</Scripts>
						<FontString bytes="256" inherits="ChatFontNormal"/>
						<TextInsets>
							<AbsInset left="6" right="6" top="0" bottom="0"/>
						</TextInsets>
					</EditBox>
					<EditBox historyLines="0" numeric="true" letters="2" name="TITAN_ACWOptionsAlarm2HourEditBox" ignoreArrows="true">
						<Size>
							<AbsDimension x="28" y="26"/> 
						</Size>
						<Anchors>
							<Anchor point="TOPLEFT" relativePoint="TOPLEFT">
								<Offset>
									<AbsDimension x="80" y="-75"/>
								</Offset>
							</Anchor>
						</Anchors>
						<Backdrop bgFile="Interface\DialogFrame\UI-DialogBox-Background" edgeFile="Interface\Tooltips\UI-Tooltip-Border" tile="true">
							<BackgroundInsets>
								<AbsInset left="4" right="4" top="4" bottom="4"/>
							</BackgroundInsets>
							<TileSize>
								<AbsValue val="32"/>
							</TileSize>
							<EdgeSize>
								<AbsValue val="18"/>
							</EdgeSize>
						</Backdrop>
						<Scripts>
							<OnLoad>this:SetBackdropBorderColor(ACW_DLG_COLOR,ACW_DLG_COLOR,ACW_DLG_COLOR);</OnLoad>
							<OnShow>this:ClearFocus();</OnShow>
							<OnEnterPressed>this:ClearFocus();</OnEnterPressed>
							<OnEscapePressed>this:ClearFocus();</OnEscapePressed>
							<OnEditFocusGained>this:HighlightText();</OnEditFocusGained>
							<OnEditFocusLost>this:HighlightText(0,0);</OnEditFocusLost>
							<OnTabPressed>TITAN_ACWOptionsAlarm2MinuteEditBox:HighlightText();TITAN_ACWOptionsAlarm2MinuteEditBox:SetFocus();</OnTabPressed>
						</Scripts>
						<FontString bytes="256" inherits="ChatFontNormal"/>
						<TextInsets>
							<AbsInset left="6" right="6" top="0" bottom="0"/>
						</TextInsets>
					</EditBox>
					<EditBox historyLines="0" numeric="true" letters="2" name="TITAN_ACWOptionsAlarm2MinuteEditBox" ignoreArrows="true">
						<Size>
							<AbsDimension x="28" y="26"/> 
						</Size>
						<Anchors>
							<Anchor point="TOPLEFT" relativePoint="TOPLEFT">
								<Offset>
									<AbsDimension x="110" y="-75"/>
								</Offset>
							</Anchor>
						</Anchors>
						<Backdrop bgFile="Interface\DialogFrame\UI-DialogBox-Background" edgeFile="Interface\Tooltips\UI-Tooltip-Border" tile="true">
							<BackgroundInsets>
								<AbsInset left="4" right="4" top="4" bottom="4"/>
							</BackgroundInsets>
							<TileSize>
								<AbsValue val="32"/>
							</TileSize>
							<EdgeSize>
								<AbsValue val="18"/>
							</EdgeSize>
						</Backdrop>
						<Scripts>
							<OnLoad>this:SetBackdropBorderColor(ACW_DLG_COLOR,ACW_DLG_COLOR,ACW_DLG_COLOR);</OnLoad>
							<OnShow>this:ClearFocus();</OnShow>
							<OnEnterPressed>this:ClearFocus();</OnEnterPressed>
							<OnEscapePressed>this:ClearFocus();</OnEscapePressed>
							<OnEditFocusGained>this:HighlightText();</OnEditFocusGained>
							<OnEditFocusLost>this:HighlightText(0,0);</OnEditFocusLost>
							<OnTabPressed>TITAN_ACWOptionsAlarm3EditBox:HighlightText();TITAN_ACWOptionsAlarm3EditBox:SetFocus();</OnTabPressed>
						</Scripts>
						<FontString bytes="256" inherits="ChatFontNormal"/>
						<TextInsets>
							<AbsInset left="6" right="6" top="0" bottom="0"/>
						</TextInsets>
					</EditBox>
					<CheckButton name="TITAN_ACWOptionsAlarm2PMCheckButton" inherits="TITAN_ACWOptionsToggleCheckButtonTemplate" hidden="true">
						<Size>
							<AbsDimension x="26" y="26"/> 
						</Size>
						<Anchors>
							<Anchor point="TOPLEFT" relativePoint="TOPLEFT">
								<Offset>
									<AbsDimension x="258" y="-75"/>
								</Offset>
							</Anchor>
						</Anchors>
					</CheckButton>
					<CheckButton name="TITAN_ACWOptionsAlarm2AMCheckButton" inherits="TITAN_ACWOptionsToggleCheckButtonTemplate" hidden="true">
						<Size>
							<AbsDimension x="26" y="26"/> 
						</Size>
						<Anchors>
							<Anchor point="TOPLEFT" relativePoint="TOPLEFT">
								<Offset>
									<AbsDimension x="213" y="-75"/>
								</Offset>
							</Anchor>
						</Anchors>
					</CheckButton>
				</Frames>
			</Frame>
			<Frame name="TITAN_ACWAlarm3Frame" enableMouse="true">
				<Size>
					<AbsDimension x="310" y="110"/>
				</Size>
				<Anchors>
					<Anchor point="TOPLEFT" relativePoint="TOPLEFT">
						<Offset>
							<AbsDimension x="15" y="-394"/>
						</Offset>
					</Anchor>
				</Anchors>
				<Layers>
					<Layer level="BACKGROUND">
						<FontString name="TITAN_ACWAlarm3FrameText1" inherits="GameFontNormalSmall" text="ACW_OPTIONS_ALARM3ON">
							<Anchors>
								<Anchor point="TOPLEFT" relativePoint="TOPLEFT">
									<Offset>
										<AbsDimension x="35" y="-15"/>
									</Offset>
								</Anchor>
							</Anchors>
						</FontString>
						<FontString name="TITAN_ACWAlarm3FrameText2" inherits="GameFontNormalSmall" text="ACW_OPTIONS_ALARM3TEXT">
							<Anchors>
								<Anchor point="TOPLEFT" relativePoint="TOPLEFT">
									<Offset>
										<AbsDimension x="9" y="-40"/>
									</Offset>
								</Anchor>
							</Anchors>
						</FontString>
						<FontString name="TITAN_ACWAlarm3FrameText3" inherits="GameFontNormalSmall" text="ACW_OPTIONS_ALARM3TIME">
							<Anchors>
								<Anchor point="TOPLEFT" relativePoint="TOPLEFT">
									<Offset>
										<AbsDimension x="9" y="-83"/>
									</Offset>
								</Anchor>
							</Anchors>
						</FontString>
						<FontString name="TITAN_ACWAlarm3FrameText4" inherits="GameFontNormalSmall" text=":">
							<Anchors>
								<Anchor point="TOPLEFT" relativePoint="TOPLEFT">
									<Offset>
										<AbsDimension x="106" y="-83"/>
									</Offset>
								</Anchor>
							</Anchors>
						</FontString>
					</Layer>
				</Layers>
				<Backdrop bgFile="Interface\DialogFrame\UI-DialogBox-Background" edgeFile="Interface\Tooltips\UI-Tooltip-Border" tile="true">
					<BackgroundInsets>
						<AbsInset left="4" right="4" top="4" bottom="4"/>
					</BackgroundInsets>
					<TileSize>
						<AbsValue val="32"/>
					</TileSize>
					<EdgeSize>
						<AbsValue val="18"/>
					</EdgeSize>
				</Backdrop>
				<Frames>
					<CheckButton name="TITAN_ACWOptionsAlarm3CheckButton" inherits="TITAN_ACWOptionsCheckButtonTemplate" id="5">
						<Anchors>
							<Anchor point="TOPLEFT" relativePoint="TOPLEFT">
								<Offset>
									<AbsDimension x="5" y="-5"/>
								</Offset>
							</Anchor>
						</Anchors>
					</CheckButton>
					<EditBox historyLines="0" letters="100" name="TITAN_ACWOptionsAlarm3EditBox" ignoreArrows="true">
						<Size>
							<AbsDimension x="295" y="26"/> 
						</Size>
						<Anchors>
							<Anchor point="TOPLEFT" relativePoint="TOPLEFT">
								<Offset>
									<AbsDimension x="7" y="-50"/>
								</Offset>
							</Anchor>
						</Anchors>
						<Backdrop bgFile="Interface\DialogFrame\UI-DialogBox-Background" edgeFile="Interface\Tooltips\UI-Tooltip-Border" tile="true">
							<BackgroundInsets>
								<AbsInset left="4" right="4" top="4" bottom="4"/>
							</BackgroundInsets>
							<TileSize>
								<AbsValue val="32"/>
							</TileSize>
							<EdgeSize>
								<AbsValue val="18"/>
							</EdgeSize>
						</Backdrop>
						<Scripts>
							<OnLoad>this:SetBackdropBorderColor(ACW_DLG_COLOR,ACW_DLG_COLOR,ACW_DLG_COLOR);</OnLoad>
							<OnShow>this:ClearFocus();</OnShow>
							<OnEnterPressed>this:ClearFocus();</OnEnterPressed>
							<OnEscapePressed>this:ClearFocus();</OnEscapePressed>
							<OnEditFocusLost>this:HighlightText(0,0);</OnEditFocusLost>
							<OnTabPressed>TITAN_ACWOptionsAlarm3HourEditBox:HighlightText();TITAN_ACWOptionsAlarm3HourEditBox:SetFocus();</OnTabPressed>
						</Scripts>
						<FontString bytes="256" inherits="ChatFontNormal"/>
						<TextInsets>
							<AbsInset left="6" right="6" top="0" bottom="0"/>
						</TextInsets>
					</EditBox>
					<EditBox historyLines="0" numeric="true" letters="2" name="TITAN_ACWOptionsAlarm3HourEditBox" ignoreArrows="true">
						<Size>
							<AbsDimension x="28" y="26"/> 
						</Size>
						<Anchors>
							<Anchor point="TOPLEFT" relativePoint="TOPLEFT">
								<Offset>
									<AbsDimension x="80" y="-75"/>
								</Offset>
							</Anchor>
						</Anchors>
						<Backdrop bgFile="Interface\DialogFrame\UI-DialogBox-Background" edgeFile="Interface\Tooltips\UI-Tooltip-Border" tile="true">
							<BackgroundInsets>
								<AbsInset left="4" right="4" top="4" bottom="4"/>
							</BackgroundInsets>
							<TileSize>
								<AbsValue val="32"/>
							</TileSize>
							<EdgeSize>
								<AbsValue val="18"/>
							</EdgeSize>
						</Backdrop>
						<Scripts>
							<OnLoad>this:SetBackdropBorderColor(ACW_DLG_COLOR,ACW_DLG_COLOR,ACW_DLG_COLOR);</OnLoad>
							<OnShow>this:ClearFocus();</OnShow>
							<OnEnterPressed>this:ClearFocus();</OnEnterPressed>
							<OnEscapePressed>this:ClearFocus();</OnEscapePressed>
							<OnEditFocusGained>this:HighlightText();</OnEditFocusGained>
							<OnEditFocusLost>this:HighlightText(0,0);</OnEditFocusLost>
							<OnTabPressed>TITAN_ACWOptionsAlarm3MinuteEditBox:HighlightText();TITAN_ACWOptionsAlarm3MinuteEditBox:SetFocus();</OnTabPressed>
						</Scripts>
						<FontString bytes="256" inherits="ChatFontNormal"/>
						<TextInsets>
							<AbsInset left="6" right="6" top="0" bottom="0"/>
						</TextInsets>
					</EditBox>
					<EditBox historyLines="0" numeric="true" letters="2" name="TITAN_ACWOptionsAlarm3MinuteEditBox" ignoreArrows="true">
						<Size>
							<AbsDimension x="28" y="26"/> 
						</Size>
						<Anchors>
							<Anchor point="TOPLEFT" relativePoint="TOPLEFT">
								<Offset>
									<AbsDimension x="110" y="-75"/>
								</Offset>
							</Anchor>
						</Anchors>
						<Backdrop bgFile="Interface\DialogFrame\UI-DialogBox-Background" edgeFile="Interface\Tooltips\UI-Tooltip-Border" tile="true">
							<BackgroundInsets>
								<AbsInset left="4" right="4" top="4" bottom="4"/>
							</BackgroundInsets>
							<TileSize>
								<AbsValue val="32"/>
							</TileSize>
							<EdgeSize>
								<AbsValue val="18"/>
							</EdgeSize>
						</Backdrop>
						<Scripts>
							<OnLoad>this:SetBackdropBorderColor(ACW_DLG_COLOR,ACW_DLG_COLOR,ACW_DLG_COLOR);</OnLoad>
							<OnShow>this:ClearFocus();</OnShow>
							<OnEnterPressed>this:ClearFocus();</OnEnterPressed>
							<OnEscapePressed>this:ClearFocus();</OnEscapePressed>
							<OnEditFocusGained>this:HighlightText();</OnEditFocusGained>
							<OnEditFocusLost>this:HighlightText(0,0);</OnEditFocusLost>
							<OnTabPressed>TITAN_ACWOptionsAlarm1EditBox:HighlightText();TITAN_ACWOptionsAlarm1EditBox:SetFocus();</OnTabPressed>
						</Scripts>
						<FontString bytes="256" inherits="ChatFontNormal"/>
						<TextInsets>
							<AbsInset left="6" right="6" top="0" bottom="0"/>
						</TextInsets>
					</EditBox>
					<CheckButton name="TITAN_ACWOptionsAlarm3PMCheckButton" inherits="TITAN_ACWOptionsToggleCheckButtonTemplate" hidden="true">
						<Size>
							<AbsDimension x="26" y="26"/> 
						</Size>
						<Anchors>
							<Anchor point="TOPLEFT" relativePoint="TOPLEFT">
								<Offset>
									<AbsDimension x="258" y="-75"/>
								</Offset>
							</Anchor>
						</Anchors>
					</CheckButton>
					<CheckButton name="TITAN_ACWOptionsAlarm3AMCheckButton" inherits="TITAN_ACWOptionsToggleCheckButtonTemplate" hidden="true">
						<Size>
							<AbsDimension x="26" y="26"/> 
						</Size>
						<Anchors>
							<Anchor point="TOPLEFT" relativePoint="TOPLEFT">
								<Offset>
									<AbsDimension x="213" y="-75"/>
								</Offset>
							</Anchor>
						</Anchors>
					</CheckButton>
				</Frames>
			</Frame>
			<Frame name="TITAN_ACWMiscFrame" enableMouse="true">
				<Size>
					<AbsDimension x="310" y="36"/>
				</Size>
				<Anchors>
					<Anchor point="TOPLEFT" relativePoint="TOPLEFT">
						<Offset>
							<AbsDimension x="15" y="-511"/>
						</Offset>
					</Anchor>
				</Anchors>
				<Layers>
					<Layer level="BACKGROUND">
						<FontString name="TITAN_ACWMiscFrameText1" inherits="GameFontNormalSmall" text="ACW_SNOOZE_TIME">
							<Anchors>
								<Anchor point="TOPLEFT" relativePoint="TOPLEFT">
									<Offset>
										<AbsDimension x="9" y="-12"/>
									</Offset>
								</Anchor>
							</Anchors>
						</FontString>
						<FontString name="TITAN_ACWMiscFrameText2" inherits="GameFontNormalSmall" text="minutes">
							<Anchors>
								<Anchor point="TOPLEFT" relativePoint="TOPLEFT">
									<Offset>
										<AbsDimension x="112" y="-12"/>
									</Offset>
								</Anchor>
							</Anchors>
						</FontString>
					</Layer>
				</Layers>
				<Backdrop bgFile="Interface\DialogFrame\UI-DialogBox-Background" edgeFile="Interface\Tooltips\UI-Tooltip-Border" tile="true">
					<BackgroundInsets>
						<AbsInset left="4" right="4" top="4" bottom="4"/>
					</BackgroundInsets>
					<TileSize>
						<AbsValue val="32"/>
					</TileSize>
					<EdgeSize>
						<AbsValue val="18"/>
					</EdgeSize>
				</Backdrop>
				<Scripts>
					
				</Scripts>
				<Frames>
					<EditBox historyLines="0" numeric="true" letters="2" name="TITAN_ACWOptionsSnoozeMinuteEditBox" ignoreArrows="true">
						<Size>
							<AbsDimension x="28" y="26"/> 
						</Size>
						<Anchors>
							<Anchor point="TOPLEFT" relativePoint="TOPLEFT">
								<Offset>
									<AbsDimension x="83" y="-5"/>
								</Offset>
							</Anchor>
						</Anchors>
						<Backdrop bgFile="Interface\DialogFrame\UI-DialogBox-Background" edgeFile="Interface\Tooltips\UI-Tooltip-Border" tile="true">
							<BackgroundInsets>
								<AbsInset left="4" right="4" top="4" bottom="4"/>
							</BackgroundInsets>
							<TileSize>
								<AbsValue val="32"/>
							</TileSize>
							<EdgeSize>
								<AbsValue val="18"/>
							</EdgeSize>
						</Backdrop>
						<Scripts>
							<OnLoad>this:SetBackdropBorderColor(ACW_DLG_COLOR,ACW_DLG_COLOR,ACW_DLG_COLOR);</OnLoad>
							<OnShow>this:ClearFocus();</OnShow>
							<OnEnterPressed>this:ClearFocus();</OnEnterPressed>
							<OnEscapePressed>this:ClearFocus();</OnEscapePressed>
							<OnEditFocusGained>this:HighlightText();</OnEditFocusGained>
						</Scripts>
						<FontString bytes="256" inherits="ChatFontNormal"/>
						<TextInsets>
							<AbsInset left="6" right="6" top="0" bottom="0"/>
						</TextInsets>
					</EditBox>
				</Frames>
			</Frame>
			<Button name="TITAN_ACWOptionsFrameDefaults" inherits="OptionsButtonTemplate" text="DEFAULTS">
				<Anchors>
					<Anchor point="BOTTOMLEFT">
						<Offset>
							<AbsDimension x="13" y="16"/>
						</Offset>
					</Anchor>
				</Anchors>
				<Scripts>
					<OnClick>
						PlaySound("igMainMenuOptionCheckBoxOn");
						TITAN_ACWOptionsFrame_SetDefaults();
					</OnClick>
				</Scripts>
			</Button>
			<Button name="TITAN_ACWOptionsFrameOkay" inherits="OptionsButtonTemplate" text="Okay">
				<Anchors>
					<Anchor point="BOTTOMRIGHT">
						<Offset>
							<AbsDimension x="-12" y="16"/>
						</Offset>
					</Anchor>
				</Anchors>
				<Scripts>
					<OnClick>
						PlaySound("gsTitleOptionOK");
						TITAN_ACW_OnOK();
					</OnClick>
				</Scripts>
			</Button>			
		</Frames>
		<Scripts>
			<OnLoad>
				TITAN_ACWOptionsFrame_OnLoad();
			</OnLoad>
			<OnShow>
				TITAN_ACWOptionsFrame_OnShow();
			</OnShow>
			<OnHide>
				TITAN_ACWOptionsFrame_OnHide();
			</OnHide>
		</Scripts>
	</Frame>
	<Frame parent="UIParent">
		<Frames>
			<Button name="TitanPanelACWButton" inherits="TitanPanelButtonTemplate" frameStrata="FULLSCREEN" toplevel="true">
				<Size>
					<AbsDimension x="51" y="16"/>
				</Size>
				<Frames>
					<Button name="$parentText" inherits="TitanPanelButtonTemplate" hidden="false" enableMouse="false">
						<Size>
							<AbsDimension x="51" y="16"/>
						</Size>
						<Anchors>
							<Anchor point="TOP" relativePoint="TOP">
								<Offset>
									<AbsDimension x="0" y="1"/>
								</Offset>
							</Anchor>
						</Anchors>
						<Scripts>
							<OnClick>
								TITAN_ACW_OnMouseDown(arg1);
							</OnClick>	
						</Scripts>
						<NormalText name="$parentText" inherits="GameFontNormalSmall" justifyH="CENTER">
							<Anchors>
								<Anchor point="CENTER"/>
							</Anchors>
						</NormalText>
						<PushedTextOffset>
							<AbsDimension x="0" y="0"/>
						</PushedTextOffset>
					</Button>
					<Button name="TITAN_ACW_CompactIcon" inherits="TitanPanelButtonTemplate" hidden="false">
						<Size>
							<AbsDimension x="35" y="16"/>
						</Size>
						<Anchors>
							<Anchor point="TOP" relativePoint="TOP">
								<Offset>
									<AbsDimension x="0" y="1"/>
								</Offset>
							</Anchor>
						</Anchors>
						<Scripts>
							<OnClick>
								TITAN_ACW_OnMouseDown(arg1);
							</OnClick>	
						</Scripts>
						<NormalTexture name="TITAN_ACW_TestButton" file="Interface\AddOns\TitanAlarmClockWrangler\bellIcon2">
							<Size>
								<AbsDimension x="12" y="12"/>
							</Size>
							<Anchors>
								<Anchor point="CENTER"/>
							</Anchors>
						</NormalTexture>
					</Button>
					<Button name="TitanPanelAcknowledgeButton" inherits="TitanPanelButtonTemplate" hidden="true">
						<Size>
							<AbsDimension x="13" y="13"/>
						</Size>
						<Anchors>
							<Anchor point="RIGHT" relativeTo="$parentText" relativePoint="LEFT">
								<Offset>
									<AbsDimension x="1" y="0"/>
								</Offset>
							</Anchor>
						</Anchors>
						<Scripts>
							<OnLoad>
								this:SetFrameLevel(this:GetFrameLevel() + 100);
							</OnLoad>
							<OnClick>
								PlaySound("igMainMenuClose");
								TITAN_ACW_AcknowledgeAlarm(arg1);
							</OnClick>
							<OnEnter>
								TITAN_ACW_ButtonTooltips();
							</OnEnter>
							<OnLeave>
								GameTooltip:Hide();
							</OnLeave>
						</Scripts>
						<NormalTexture name="TITAN_ACW_RedButton" file="Interface\AddOns\TitanAlarmClockWrangler\buttons">
							<Size>
								<AbsDimension x="13" y="13"/>
							</Size>
							<Anchors>
								<Anchor point="RIGHT"/>
							</Anchors>
							<TexCoords left="0.25" right="0.5" top="0" bottom="1"/>
						</NormalTexture>
					</Button>
					<Button name="TitanPanelSnoozeButton" inherits="TitanPanelButtonTemplate" hidden="true">
						<Size>
							<AbsDimension x="13" y="13"/>
						</Size>
						<Anchors>
							<Anchor point="LEFT" relativeTo="$parentText" relativePoint="RIGHT">
								<Offset>
									<AbsDimension x="1" y="0"/>
								</Offset>
							</Anchor>
						</Anchors>
						<Scripts>
							<OnLoad>
								this:SetFrameLevel(this:GetFrameLevel() + 100);
							</OnLoad>
							<OnClick>
								PlaySound("igMainMenuClose");
								TITAN_ACW_Snooze(arg1);
							</OnClick>
							<OnEnter>
								TITAN_ACW_ButtonTooltips();
							</OnEnter>
							<OnLeave>
								GameTooltip:Hide();
							</OnLeave>
						</Scripts>
						<NormalTexture name="TITAN_ACW_BlueButton" file="Interface\AddOns\TitanAlarmClockWrangler\buttons">
							<Size>
								<AbsDimension x="13" y="13"/>
							</Size>
							<Anchors>
								<Anchor point="LEFT"/>
							</Anchors>
							<TexCoords left="0.25" right="0.5" top="0" bottom="1"/>
						</NormalTexture>
					</Button>
				</Frames>
				<Scripts>
					<OnLoad>
						TitanPanelACWButton_OnLoad();
						TitanPanelButton_OnLoad();
					</OnLoad>
					<OnEvent>
						TitanPanelACWButton_OnEvent();
					</OnEvent>
					<OnUpdate>
						TitanPanelACWButton_OnUpdate(arg1);
						TitanPanelButton_OnUpdate(arg1);
					</OnUpdate>
					<OnClick>
						TITAN_ACW_OnMouseDown(arg1);
					</OnClick>
					<OnHide>
						TitanPanelClockButton_GetButtonText = TITAN_ACW_OLD_CLOCK_FUNCTION;
					</OnHide>
				</Scripts>
			</Button>
		</Frames>
	</Frame>
</Ui>