﻿<Ui xmlns="http://www.blizzard.com/wow/ui/" xmlns:xsi="http://www.w3.org/2001/XMLSchema-instance" xsi:schemaLocation="http://www.blizzard.com/wow/ui/
..\FrameXML\UI.xsd">
	<Script file="Localization.lua"/>
	<Script file="TitanCombatInfo.lua"/>
	<Frame parent="UIParent">
		<Frames> 
			<Button name="TitanPanelCombatInfoButton" inherits="TitanPanelComboTemplate" frameStrata="FULLSCREEN" toplevel="true">
				<Scripts>
					<OnLoad>
						TitanPanelCombatInfoButton_OnLoad()
						TitanPanelButton_OnLoad()
					</OnLoad>
					<OnEvent>
						TitanPanelCombatInfoButton_OnEvent();
					</OnEvent>
				</Scripts>
			</Button>
			<GameTooltip name="TitanCombatInfo_Tooltip" frameStrata="TOOLTIP" hidden="true" inherits="GameTooltipTemplate">
			    <Scripts>
			        <OnLoad>
			            TitanCombatInfo_Tooltip:SetOwner(UIParent, "ANCHOR_NONE");
			        </OnLoad>
			    </Scripts>
			</GameTooltip>
		</Frames>
	</Frame>
</Ui>