<!-- BG Warning - Battle ground Warning v1.1.11200 By Dash from idea by Valtar -->
<!-- Active on EU Server Kul-Tiras. www.gofguild.com -->
<!-- History: -->
<!-- 2006-05-13: Buttons now smaller and placed horizontally on same row   -->
<!-- 2006-05-18: Changed frameStrata to LOW. This to not cover opened bags -->
<!-- 2006-05-26: Initialy hidden due to Titan Panel integration -->
<!-- 2006-05-27: Lock button added -->
<!-- 2006-05-30: Taged for release of version 1.0.11000 -->
<!-- 2006-08-28: Taged for release of version 1.1.11200 -->
<Ui xmlns="http://www.blizzard.com/wow/ui/"
 xmlns:xsi="http://www.w3.org/2001/XMLSchema-instance"
 xsi:schemaLocation="http://www.blizzard.com/wow/ui/ ..\FrameXML\UI.xsd">

<Script file="BGWarning.lua"/>
	<Frame	name="BGWFrame" frameStrata="LOW" toplevel="true" hidden="true"
			enableMouse="true" movable="true" parent="UIParent">
		<Size>
			<AbsDimension x="128" y="105"/>
		</Size>
		<Anchors>
			<Anchor point="CENTER"/>
		</Anchors>
		-- Insert the backdrop --
		<Backdrop	name="$parentBackdrop" bgFile="Interface\TutorialFrame\TutorialFrameBackground"
					edgeFile="Interface\DialogFrame\UI-DialogBox-Border" tile="true">
			<EdgeSize>
				<AbsValue val="16"/>
			</EdgeSize>
			<TileSize>
				<AbsValue val="32"/>
			</TileSize>
			<BackgroundInsets>
				<AbsInset left="5" right="5" top="5" bottom="5"/>
			</BackgroundInsets>
		</Backdrop>
		-- Layer were our font (Text) is located
		<Layers>
		<Layer>
			<Texture file="Interface\DialogFrame\UI-DialogBox-Header">
				<Size>
					<AbsDimension x="146" y="24" />
				</Size>
				<Anchors>
				<Anchor point="TOP">
					<Offset>
						<AbsDimension x="0" y="12" />
					</Offset>
				</Anchor>
				</Anchors>
				<TexCoords left="0.2" right="0.8" top="0" bottom="0.6" />
			</Texture>
			<FontString inherits="GameFontNormalSmall" text="BG Warning">
				<Size>
					<AbsDimension x="130" y="24" />
				</Size>
				<Anchors>
					<Anchor point="TOP">
						<Offset>
							<AbsDimension x="0" y="12" />
						</Offset>
					</Anchor>
				</Anchors>
				<FontHeight>
					<AbsValue val="12" />
				</FontHeight>
			</FontString>
		</Layer>
			<Layer level="BACKGROUND">
				<FontString name="BGWZone" inherits="GameFontNormal">
					<Size>
						<AbsDimension x="0" y="20"/>
					</Size>
					<Anchors>
						<Anchor point="TOP">
							<Offset>
								<AbsDimension x="0" y="-10"/>
							</Offset>
						</Anchor>
					</Anchors>
				</FontString>
				<FontString name="BGWMsg" inherits="GameFontNormal">
					<Size>
						<AbsDimension x="112" y="80"/>
					</Size>
					<Anchors>
						<Anchor point="TOP">
							<Offset>
								<AbsDimension x="0" y="-45"/>
							</Offset>
						</Anchor>
					</Anchors>
				</FontString>
			</Layer>
		</Layers>
		-- Script stuff
		<Scripts>
			<OnLoad>
				fnBGW_OnLoad();
			</OnLoad>
			<OnDragStart>
				fnBGW_OnDragStart();
			</OnDragStart>
			<OnDragStop>
				fnBGW_OnDragStop();
			</OnDragStop>
			<OnEvent>
				fnBGW_OnEvent(event);
			</OnEvent>
			<OnUpdate>
				fnBGW_OnUpdate(arg1);
			</OnUpdate>
		</Scripts>
	<Frames>
-- Buttons
	<Button name="BGWBtnInc" inherits="OptionsButtonTemplate" text="I" enableMouse="true" movable="true">
		<Size>
			<AbsDimension x="18" y="18"/>
		</Size>
		<Anchors>
			<Anchor point="TOP" relativeTo="BGWFrame">
				<Offset>
					<AbsDimension x="-24" y="-24"/>
				</Offset>
			</Anchor>
		</Anchors>
--Script stuff
		<Scripts>
			<OnClick>
				fnBGW_IncClick();
			</OnClick>
		</Scripts>
	</Button>
	<Button name="BGWBtnHelp" inherits="OptionsButtonTemplate" text="H" enableMouse="true" movable="true">
		<Size>
			<AbsDimension x="18" y="18"/>
		</Size>
		<Anchors>
			<Anchor point="TOP" relativeTo="BGWFrame">
				<Offset>
					<AbsDimension x="0" y="-24"/>
				</Offset>
			</Anchor>
		</Anchors>
	--Script stuff
		<Scripts>
			<OnClick>
				fnBGW_HelpClick();
			</OnClick>
		</Scripts>
	</Button>
	<Button name="BGWBtnSafe" inherits="OptionsButtonTemplate" text="S" enableMouse="true" movable="true">
		<Size>
			<AbsDimension x="18" y="18"/>
		</Size>
		<Anchors>
			<Anchor point="TOP" relativeTo="BGWFrame">
				<Offset>
					<AbsDimension x="24" y="-24"/>
				</Offset>
			</Anchor>
		</Anchors>
	--Script stuff
		<Scripts>
			<OnClick>
				fnBGW_SafeClick();
			</OnClick>
		</Scripts>
	</Button>
	<Button name="BGWLock">
		<Size>
			<AbsDimension x="16" y="16"/>
		</Size>
		<Anchors>
			<Anchor point="TOPRIGHT">
				<Offset>
					<AbsDimension x="-6" y="7"/>
				</Offset>
			</Anchor>
		</Anchors>
		<NormalTexture file="Interface\AddOns\TitanBGW\LockButton-Unlocked-Up"/>
		<PushedTexture file="Interface\AddOns\TitanBGW\LockButton-Locked-Up"/>		
		--Script stuff
		<Scripts>
			<OnClick>
				fnBGW_LockClick();
			</OnClick>
		</Scripts>

	</Button>	
	</Frames>
	</Frame>
</Ui>
