<!-- BG Warning - Battle Ground Warning v1.1.11200 By Dash from idea by Valtar -->
<!-- Active on EU Server Kul-Tiras. www.gofguild.com -->
<!-- History: -->
<!-- 2006-05-26: Created -->
<!-- 2006-05-30: Taged for release of version 1.0.11000 -->
<!-- 2006-05-30: Taged for release of version 1.1.11200 -->
<Ui xmlns="http://www.blizzard.com/wow/ui/" xmlns:xsi="http://www.w3.org/2001/XMLSchema-instance"
	xsi:schemaLocation="http://www.blizzard.com/wow/ui/ ..\FrameXML\UI.xsd">
	<Script file="TitanBGW.lua"></Script>
	<Frame parent="UIParent">
		<Frames>
			<Button name="TitanPanelBGWButton" inherits="TitanPanelComboTemplate"
				toplevel="true" frameStrata="FULLSCREEN" >
				<Scripts>
					<OnLoad>
						TitanPanelBGWButton_OnLoad();
						TitanPanelButton_OnLoad();
					</OnLoad>
					<OnClick>
						TitanPanelBGWButton_OnClick(arg1);
						TitanPanelButton_OnClick(arg1);
					</OnClick>
				</Scripts>
			</Button>
		</Frames>
	</Frame>
</Ui>