<Ui xmlns="http://www.blizzard.com/wow/ui" xmlns:xsi="http://www.w3.org/2001/XMLSchema-instance">
  <Script file="TitanIFA_Events.lua"/>
  <Frame name="TitanIFA" hidden="true">
    <Scripts>
      <OnLoad>TitanIFA_OnLoad();</OnLoad>
      <OnEvent>TitanIFA_OnEvent();</OnEvent>
    </Scripts>
  </Frame>
  <GameTooltip name="IFA_CAST_Tooltip" frameStrata="TOOLTIP" hidden="true" inherits="GameTooltipTemplate" parent="UIParent">
    <Scripts>
        <OnLoad>
            this:SetOwner(UIParent, "ANCHOR_NONE");
        </OnLoad>
    </Scripts>
  </GameTooltip>
  <GameTooltip name="IFA_BUFF_Tooltip" frameStrata="TOOLTIP" hidden="true" inherits="GameTooltipTemplate" parent="UIParent">
    <Scripts>
        <OnLoad>
            this:SetOwner(UIParent, "ANCHOR_NONE");
        </OnLoad>
    </Scripts>
  </GameTooltip>
</Ui>