<Ui xmlns="http://www.blizzard.com/wow/ui" xmlns:xsi="http://www.w3.org/2001/XMLSchema-instance">
	<Frame parent="UIParent">
		<Frames>
			<Button name="TitanPanelInnerfireAlertButton" inherits="TitanPanelComboTemplate" frameStrata="FULLSCREEN" toplevel="true">
				<Scripts>
					<OnLoad>
						TitanPanelIFAButton_OnLoad();
						TitanPanelButton_OnLoad();
					</OnLoad>
					<OnEvent>
						TitanPanelIFAButton_OnEvent();
					</OnEvent>
				</Scripts>
			</Button>
		</Frames>
	</Frame>
</Ui>