<Ui xmlns="http://www.blizzard.com/wow/ui/" xmlns:xsi="http://www.w3.org/2001/XMLSchema-instance" xsi:schemaLocation="http://www.blizzard.com/wow/ui/
..\FrameXML\UI.xsd">
	<Script file="TitanLootType.lua"/>
	<Frame parent="UIParent">
		<Frames>
			<Button name="TitanPanelLootTypeButton" inherits="TitanPanelComboTemplate" frameStrata="FULLSCREEN" toplevel="true">
				<Scripts>
					<OnLoad>
						TitanPanelLootTypeButton_OnLoad();
						TitanPanelButton_OnLoad();
					</OnLoad>
					<OnEvent>
						TitanPanelLootTypeButton_OnEvent();
					</OnEvent>
				</Scripts>
			</Button>
		</Frames>
	</Frame>
</Ui>
