<Ui xmlns="http://www.blizzard.com/wow/ui/" xmlns:xsi="http://www.w3.org/2001/XMLSchema-instance" xsi:schemaLocation="http://www.blizzard.com/wow/ui/
..\FrameXML\UI.xsd">
	<Script file="localization.lua"/>
	<Script file="TitanKills.lua"/>
	<Frame parent="UIParent">
		<Frames>
			<Button name="TitanPanelKTLButton" inherits="TitanPanelTextTemplate" frameStrata="FULLSCREEN" toplevel="true">
				<Scripts>
					<OnLoad>
						if(TitanPanelBarButton~=nil) then
							TitanPanelKTLButton_OnLoad();
							TitanPanelButton_OnLoad();
						end
					</OnLoad>
					<OnEvent>
						if(TitanPanelBarButton~=nil) then
							TitanPanelKTLButton_OnEvent();
						end
					</OnEvent>
					<OnClick>
						if(TitanPanelBarButton~=nil) then
							TitanPanelButton_OnClick(arg1);
							TitanPanelKTLButton_OnClick();
						end
					</OnClick>
				</Scripts>
			</Button>
		</Frames>
	</Frame>
	<Frame name="KillModFrame" hidden="false" parent="UIParent">
		<Scripts>
			<OnLoad>
				KillMod_OnLoad();
			</OnLoad>
			<OnEvent>
				KillMod_OnEvent();
			</OnEvent>
		</Scripts>
	</Frame>
		
</Ui>