<Ui xmlns="http://www.blizzard.com/wow/ui/" xmlns:xsi="http://www.w3.org/2001/XMLSchemainstance" xsi:schemaLocation="http://www.blizzard.com/wow/ui/ ..\FrameXML\UI.xsd">
  <Script file="Localization\enUS.lua" />
  <Script file="GTFO.lua" />
  <Script file="GTFO_Spells_Generic.lua" />
  <Script file="GTFO_Spells_Classic.lua" />
  <Script file="GTFO_Spells_BC.lua" />
  <Script file="GTFO_Spells_LK.lua" />
  <Script file="GTFO_Spells_CAT.lua" />
  <Script file="GTFO_Fail_Generic.lua" />
  <Script file="GTFO_Fail_LK.lua" />
  <Script file="GTFO_Fail_CAT.lua" />
  <Script file="GTFO_Mobs.lua" />
  <Script file="GTFO_PowerAuras.lua" />
  <Script file="GTFO_Custom.lua" />
     <Frame name="GTFOFrame" parent="UIParent" hidden="false">
     <Scripts>
      <OnEvent>GTFO_OnEvent(self, event, ...);</OnEvent>
      <OnLoad>GTFO_OnLoad();</OnLoad>
    </Scripts>
  </Frame>
</Ui>
