<UI xmlns="http://www.blizzard.com/wow/ui/" xmlns:xsi="http://www.w3.org/2001/XMLSchema-instance" xsi:schemaLocation="http://www.blizzard.com/wow/ui/">
	<Script file="configVersionPanel.lua" /> 

	<!--    *******************************************************************************************
		This XML file defines the configuration frame. It is embedded in the new interface options.
		*******************************************************************************************	-->

	<!-- A little template -->

	<Frame name="DTM_ConfigurationFrame_ResultRowTemplate" virtual="true">
		<Size>
			<AbsDimension x="336" y="16"/>
		</Size>

		<Layers>
			<Layer level="BORDER">
				<FontString name="$parentText1" justifyH="LEFT" inherits="GameFontNormalSmall">
					<Anchors>
						<Anchor point="TOPLEFT">
							<Offset>
								<AbsDimension x="0" y="0"/>
							</Offset>
						</Anchor>
					</Anchors>
				</FontString>
				<FontString name="$parentText2" justifyH="LEFT" inherits="GameFontNormalSmall">
					<Anchors>
						<Anchor point="TOPLEFT">
							<Offset>
								<AbsDimension x="168" y="0"/>
							</Offset>
						</Anchor>
					</Anchors>
				</FontString>
			</Layer>
		</Layers>
	</Frame>

	<!--
		The version category of DTM config is the one giving you the option of checking your version and your mates' one.
	-->

	<Frame name="DTM_ConfigurationFrame_VersionPanel" inherits="DTM_ConfigurationFrame_PanelTemplate">
		<Attributes>
			<Attribute name="titleKey" type="string" value="configVersionTitle"/>
			<Attribute name="subTitleKey" type="string" value="configVersionSubTitle"/>
		</Attributes>

		<Layers>
			<Layer level="ARTWORK">
				<FontString name="DTM_ConfigurationFrame_VersionPanel_YourVersion" inherits="GameFontNormal">
					<Size>
						<AbsDimension x="384" y="16"/>
					</Size>

					<Anchors>
						<Anchor point="TOP">
							<Offset>
								<AbsDimension x="0" y="-80"/>
							</Offset>
						</Anchor>
					</Anchors>
				</FontString>
			</Layer>
		</Layers>

		<Frames>
			<!-- Send request button -->

			<Button name="DTM_ConfigurationFrame_VersionPanel_RequestButton" inherits="DTM_ConfigurationFrame_ToggleButtonTemplate">
				<Anchors>
					<Anchor point="TOP">
						<Offset>
							<AbsDimension x="-104" y="-112"/>
						</Offset>
					</Anchor>
				</Anchors>

				<Scripts>
					<OnClick>
 						-- Issue version request.
						DTM_Version_Ask(DTM_ConfigurationFrame_VersionPanel_OnVersionRequestDone);
					</OnClick>
				</Scripts>
       			</Button>

			<!-- Result frame -->

			<Frame name="DTM_ConfigurationFrame_VersionPanel_ResultPanel">
				<Size>
					<AbsDimension x="352" y="196"/>
				</Size>

				<Anchors>
					<Anchor point="BOTTOM">
						<Offset>
							<AbsDimension x="0" y="16"/>
						</Offset>
					</Anchor>
				</Anchors>

				<Backdrop bgFile="Interface\Buttons\UI-SliderBar-Background" edgeFile="Interface\Buttons\UI-SliderBar-Border" tile="true">
					<EdgeSize>
						<AbsValue val="8"/>
					</EdgeSize>
					<TileSize>
						<AbsValue val="8"/>
					</TileSize>
					<BackgroundInsets>
						<AbsInset left="3" right="3" top="6" bottom="6"/>
					</BackgroundInsets>
				</Backdrop>

				<Layers>
					<Layer level="ARTWORK">
						<FontString name="DTM_ConfigurationFrame_VersionPanel_RequestResults" inherits="GameFontNormal">
							<Anchors>
								<Anchor point="TOP">
									<Offset>
										<AbsDimension x="0" y="16"/>
									</Offset>
								</Anchor>
							</Anchors>
						</FontString>
					</Layer>
				</Layers>

				<OnLoad>
					self:SetBackdropBorderColor(0.5, 0.5, 0.5);
					self:SetBackdropColor(0.3, 0.3, 0.3);
				</OnLoad>
			</Frame>
		</Frames>

		<Scripts>
			<OnLoad>
				DTM_ConfigurationFrame_VersionPanel_OnLoad(self);
			</OnLoad>
			<OnUpdate>
				DTM_ProtectedCall(DTM_ConfigurationFrame_VersionPanel_OnUpdate, "MAJOR", self, elapsed);
			</OnUpdate>
		</Scripts>
	</Frame>
</UI>
