<UI xmlns="http://www.blizzard.com/wow/ui/" xmlns:xsi="http://www.w3.org/2001/XMLSchema-instance" xsi:schemaLocation="http://www.blizzard.com/wow/ui/">
	<Script file="skinManager.lua" /> 

	<!--
		This XML file defines the skin manager. It's a window embeddable in a panel frame which allows to delete,
            copy, rename and start skin creation process.
            The skin manager comes with no parent and no anchor; they'll get defined upon GUI startup.
	-->

	<Frame name="DTM_SkinManager" hidden="true">
		<Size>
			<AbsDimension x="352" y="184"/>
		</Size>

		<Backdrop bgFile="Interface\Buttons\UI-SliderBar-Background" edgeFile="Interface\Buttons\UI-SliderBar-Border" tile="true">
			<EdgeSize>
				<AbsValue val="8"/>
			</EdgeSize>
			<TileSize>
				<AbsValue val="8"/>
			</TileSize>
			<BackgroundInsets>
				<AbsInset left="3" right="3" top="6" bottom="6"/>
			</BackgroundInsets>
		</Backdrop>

		<Layers>
			<Layer level="OVERLAY">
				<FontString name="DTM_SkinManager_HeaderText" inherits="GameFontNormal">
					<Size>
						<AbsDimension x="256" y="16"/>
					</Size>

					<Anchors>
						<Anchor point="TOP">
							<Offset>
								<AbsDimension x="0" y="-8"/>
							</Offset>
						</Anchor>
					</Anchors>
				</FontString>
				<FontString name="DTM_SkinManager_ExplainText" inherits="GameFontHighlightSmall">
					<Size>
						<AbsDimension x="320" y="32"/>
					</Size>

					<Anchors>
						<Anchor point="TOP">
							<Offset>
								<AbsDimension x="0" y="-24"/>
							</Offset>
						</Anchor>
					</Anchors>
				</FontString>
			</Layer>
		</Layers>

		<Frames>
			<Frame name="DTM_SkinManager_DropDown" inherits="UIDropDownMenuTemplate">
				<Anchors>
					<Anchor point="TOP">
						<Offset>
							<AbsDimension x="0" y="-80"/>
						</Offset>
					</Anchor>
				</Anchors>

				<Layers>
					<Layer level="OVERLAY">
						<FontString name="$parentCaption" inherits="GameFontNormalSmall">
							<Anchors>
								<Anchor point="BOTTOM" relativePoint="TOP"/>
							</Anchors>
						</FontString>
					</Layer>
				</Layers>
			</Frame>

			<Button name="DTM_SkinManager_CopyButton" inherits="OptionsButtonTemplate">
				<Size>
					<AbsDimension x="88" y="24"/>
				</Size>
				<Anchors>
					<Anchor point="BOTTOMLEFT">
						<Offset>
							<AbsDimension x="8" y="48"/>
						</Offset>
					</Anchor>
				</Anchors>
				<Scripts>
					<OnClick>
						DTM_SkinManager_CopyButton_OnClick(self, button);
					</OnClick>
				</Scripts>
			</Button>
			<Button name="DTM_SkinManager_RenameOrRestoreButton" inherits="OptionsButtonTemplate">
				<Size>
					<AbsDimension x="88" y="24"/>
				</Size>
				<Anchors>
					<Anchor point="BOTTOM">
						<Offset>
							<AbsDimension x="0" y="48"/>
						</Offset>
					</Anchor>
				</Anchors>
				<Scripts>
					<OnClick>
						DTM_SkinManager_RenameOrRestoreButton_OnClick(self, button);
					</OnClick>
				</Scripts>
			</Button>
			<Button name="DTM_SkinManager_DeleteButton" inherits="OptionsButtonTemplate">
				<Size>
					<AbsDimension x="88" y="24"/>
				</Size>
				<Anchors>
					<Anchor point="BOTTOMRIGHT">
						<Offset>
							<AbsDimension x="-8" y="48"/>
						</Offset>
					</Anchor>
				</Anchors>
				<Scripts>
					<OnClick>
						DTM_SkinManager_DeleteButton_OnClick(self, button);
					</OnClick>
				</Scripts>
			</Button>
			<Button name="DTM_SkinManager_ToEditorButton" inherits="OptionsButtonTemplate">
				<Size>
					<AbsDimension x="256" y="24"/>
				</Size>
				<Anchors>
					<Anchor point="BOTTOM">
						<Offset>
							<AbsDimension x="0" y="16"/>
						</Offset>
					</Anchor>
				</Anchors>
				<Scripts>
					<OnClick>
						DTM_SkinManager_ToEditorButton_OnClick(self, button);
					</OnClick>
				</Scripts>
			</Button>
		</Frames>

		<Scripts>
			<OnLoad>
				self:SetBackdropBorderColor(0.7, 0.7, 0.7);
				self:SetBackdropColor(0.5, 0.5, 0.5);
				DTM_SkinManager_OnLoad(self);
			</OnLoad>
		</Scripts>
	</Frame>
</UI>
