<Ui	xmlns="http://www.blizzard.com/wow/ui/"	xmlns:xsi="http://www.w3.org/2001/XMLSchema-instance"	xsi:schemaLocation="http://www.blizzard.com/wow/ui/
..\FrameXML\UI.xsd">
	<Script	file="MetaMapWKB.loc"/>
	<Script	file="MetaMapWKB.lua"/>

	<Button	name="MetaKBMenu_ButtonTemplate"	virtual="true">
		<Size>
			<AbsDimension	x="130"	y="16"/>
		</Size>
		<Layers>
			<Layer level="BACKGROUND">
				<Texture name="$parentHighlight" file="Interface\QuestFrame\UI-QuestTitleHighlight"	alphaMode="ADD"	setAllPoints="true"	hidden="true"/>
			</Layer>
			<Layer level="ARTWORK">
				<FontString	name="$parentText" inherits="GameFontGreen"	text="">
					<Anchors>
						<Anchor	point="LEFT">
							<Offset>
								<AbsDimension	x="-20"	y="0"/>
							</Offset>
						</Anchor>
					</Anchors>
				</FontString>
			</Layer>
		</Layers>
		<Frames>
			<Button	name="$parentColorSwatch"	hidden="true">
				<Size>
					<AbsDimension	x="16" y="16"/>
				</Size>
				<Anchors>
					<Anchor	point="LEFT">
						<Offset><AbsDimension	x="-6" y="0"/></Offset>
					</Anchor>
				</Anchors>
				<Layers>
					<Layer level="BACKGROUND">
						<Texture name="$parentSwatchBg">
							<Size>
								<AbsDimension	x="14" y="14"/>
							</Size>
							<Anchors>
								<Anchor	point="LEFT">
									<Offset><AbsDimension	x="0"	y="0"/></Offset>
								</Anchor>
							</Anchors>
							<Color r="1.0" g="1.0" b="1.0"/>
						</Texture>
					</Layer>
				</Layers>
				<Scripts>
					<OnEnter>
						getglobal(this:GetName().."SwatchBg"):SetVertexColor(NORMAL_FONT_COLOR.r,	NORMAL_FONT_COLOR.g, NORMAL_FONT_COLOR.b);
					</OnEnter>
					<OnLeave>
						getglobal(this:GetName().."SwatchBg"):SetVertexColor(HIGHLIGHT_FONT_COLOR.r, HIGHLIGHT_FONT_COLOR.g, HIGHLIGHT_FONT_COLOR.b);
					</OnLeave>
				</Scripts>
				<NormalTexture name="$parentNormalTexture" file="Interface\ChatFrame\ChatFrameColorSwatch"/>
			</Button>
		</Frames>
		<Scripts>
			<OnLoad>
				this:SetFrameLevel(10);
			</OnLoad>
			<OnClick>
				MetaKBMenu_Select(this:GetID());
			</OnClick>
			<OnEnter>
				getglobal(this:GetName().."Highlight"):Show();
			</OnEnter>
			<OnLeave>
				getglobal(this:GetName().."Highlight"):Hide();
			</OnLeave>
		</Scripts>
		<NormalFont	name="$parentNormalText" inherits="GameFontNormalSmall"	justifyH="LEFT"/>
		<HighlightFont name="$parentHighlightText" inherits="GameFontHighlightSmall" justifyH="LEFT"/>
		<DisabledFont	name="$parentDisabledText" inherits="GameFontDisableSmall" justifyH="LEFT"/>
	</Button>

	<Button	name="MetaKB_HeaderTemplate" virtual="true">
		<Size><AbsDimension	x="130" y="16"/></Size>
		<Layers>
			<Layer level="BACKGROUND">
				<Texture name="$parentMiddle"	alphaMode="ADD"	virtual="true">
					<Size>
						<AbsDimension	x="12" y="22"/>
					</Size>
					<TexCoords left="0.09375"	right="0.53125"	top="0"	bottom="0.6875"/>
				</Texture>
			</Layer>
		</Layers>
		<Scripts>
			<OnLoad>
				this:SetHeight(16);
			</OnLoad>
			<OnEnter>
				getglobal(this:GetName().."Middle"):SetTexture("Interface\\Buttons\\UI-Panel-Button-Highlight");
			</OnEnter>
			<OnLeave>
				getglobal(this:GetName().."Middle"):SetTexture("");
			</OnLeave>
			<OnClick>
				PlaySound("igMainMenuOptionCheckBoxOn");
				MetaKBList_SortBy(this.MetaMap_sortType, this.MetaMap_sortDone);
				this.MetaMap_sortDone	=	not	this.MetaMap_sortDone;
			</OnClick>
		</Scripts>
		<NormalFont	name="$parentText" inherits="GameFontNormal" justifyH="LEFT"/>
		<HighlightFont inherits="GameFontHighlight" justifyH="LEFT"/>
	</Button>

		<Button	name="MetaKB_ScrollFrameButtonTemplate"	topLevel="true" virtual="true">
				<Layers>
					<Layer level="BACKGROUND">
						<Texture name="$parentHighlight" file="Interface\QuestFrame\UI-QuestTitleHighlight"	alphaMode="ADD"	setAllPoints="true"	hidden="true"/>
					</Layer>
				</Layers>
				<Layers>
					<Layer level="ARTWORK">
						<FontString	name="$parentName" inherits="MetaMap_FontTemplate" text="" justifyH="LEFT">
							<Anchors>
								<Anchor	point="LEFT">
									<Offset><AbsDimension	x="0"	y="0"/></Offset>
								</Anchor>
							</Anchors>
						</FontString>
						<FontString	name="$parentInfo1"	inherits="MetaMap_FontTemplate"	text=""	justifyH="LEFT">
							<Anchors>
								<Anchor	point="LEFT" relativeTo="$parentName"	relativePoint="RIGHT">
									<Offset><AbsDimension	x="0"	y="0"/></Offset>
								</Anchor>
							</Anchors>
						</FontString>
						<FontString	name="$parentInfo2"	inherits="MetaMap_FontTemplate"	text=""	justifyH="LEFT">
							<Anchors>
								<Anchor	point="LEFT" relativeTo="$parentInfo1" relativePoint="RIGHT">
									<Offset><AbsDimension	x="0"	y="0"/></Offset>
								</Anchor>
							</Anchors>
						</FontString>
						<FontString	name="$parentCoords" inherits="MetaMap_FontTemplate" text="" justifyH="LEFT">
							<Anchors>
								<Anchor	point="LEFT" relativeTo="$parentInfo2" relativePoint="RIGHT">
									<Offset><AbsDimension	x="0"	y="0"/></Offset>
								</Anchor>
							</Anchors>
						</FontString>
					</Layer>
				</Layers>
				<Scripts>
					<OnLoad>
						this:RegisterForClicks("LeftButtonUp", "RightButtonUp")
						this:SetHeight(METAKB_SCROLL_FRAME_BUTTON_HEIGHT)
					</OnLoad>
					<OnClick>
						MetaKB_ScrollFrameButtonOnClick(arg1)
					</OnClick>
					<OnEnter>
						getglobal(this:GetName().."Highlight"):Show();
					</OnEnter>
					<OnLeave>
						getglobal(this:GetName().."Highlight"):Hide();
					</OnLeave>
				</Scripts>
			</Button>

	<Frame name="MetaKB_OptionsFrame" inherits="MetaMap_OptionsFrameTemplate" toplevel="true" hidden="true" parent="UIParent">
		<Layers>
			<Layer level="ARTWORK">
				<FontString	name="MetaKB_RangeText"	inherits="GameFontHighlightSmall"	text="METAKB_OPTIONS_RANGETEXT">
					<Anchors>
						<Anchor	point="TOPLEFT">
							<Offset><AbsDimension x="15" y="-200"/></Offset>
						</Anchor>
					</Anchors>
				</FontString>
			</Layer>
		</Layers>
		<Frames>
			<CheckButton	name="MetaKB_Check_BoundingBox" inherits="MetaMap_CheckButtonTemplate">
				<Anchors>
					<Anchor	point="TOPLEFT">
						<Offset><AbsDimension	x="15"	y="-35" /></Offset>
					</Anchor>
				</Anchors>
				<Scripts>
					<OnLoad>
						this.option = string.gsub(this:GetName(), "MetaKB_Check_", "");
						getglobal(this:GetName().."Text"):SetText(" "..METAKB_BOUNDING_BOX)
					</OnLoad>
					<OnShow>
						this:SetChecked(MetaKBOptions[this.option]);
					</OnShow>
					<OnEnter>
						MetaMap_HelpOnEnter(METAKB_BOUNDING_BOX,	METAKB_BOUNDING_BOX_HELP)
					</OnEnter>
					<OnClick>
						MetaKB_ToggleOptions(this.option);
					</OnClick>
				</Scripts>
			</CheckButton>
			<CheckButton name="MetaKB_Check_Dsearch"	inherits="MetaMap_CheckButtonTemplate">
				<Anchors>
					<Anchor	point="TOPLEFT" relativeTo="MetaKB_Check_BoundingBox">
						<Offset><AbsDimension	x="0"	y="-30" /></Offset>
					</Anchor>
				</Anchors>
				<Scripts>
					<OnLoad>
						this.option = string.gsub(this:GetName(), "MetaKB_Check_", "");
						getglobal(this:GetName().."Text"):SetText("	"..METAKB_SET_DSEARCH)
					</OnLoad>
					<OnShow>
						this:SetChecked(MetaKBOptions[this.option]);
					</OnShow>
					<OnEnter>
						MetaMap_HelpOnEnter(METAKB_SET_DSEARCH, METAKB_SET_DSEARCH_HELP)
					</OnEnter>
					<OnClick>
						MetaKB_ToggleOptions(this.option);
					</OnClick>
				</Scripts>
			</CheckButton>
			<CheckButton name="MetaKB_Check_SetMapShow"	inherits="MetaMap_CheckButtonTemplate">
				<Anchors>
					<Anchor	point="TOPLEFT" relativeTo="MetaKB_Check_Dsearch">
						<Offset><AbsDimension	x="0"	y="-30" /></Offset>
					</Anchor>
				</Anchors>
				<Scripts>
					<OnLoad>
						this.option = string.gsub(this:GetName(), "MetaKB_Check_", "");
						getglobal(this:GetName().."Text"):SetText("	"..METAKB_SET_MAPSHOW);
					</OnLoad>
					<OnShow>
						this:SetChecked(MetaKBOptions[this.option]);
					</OnShow>
					<OnEnter>
						MetaMap_HelpOnEnter(METAKB_SET_MAPSHOW, METAKB_SET_MAPSHOW_HELP)
					</OnEnter>
					<OnClick>
						MetaKB_ToggleOptions(this.option);
					</OnClick>
				</Scripts>
			</CheckButton>
			<CheckButton name="MetaKB_Check_ShowUpdates"	inherits="MetaMap_CheckButtonTemplate">
				<Anchors>
					<Anchor	point="TOPLEFT" relativeTo="MetaKB_Check_SetMapShow">
						<Offset><AbsDimension	x="0"	y="-30" /></Offset>
					</Anchor>
				</Anchors>
				<Scripts>
					<OnLoad>
						this.option = string.gsub(this:GetName(), "MetaKB_Check_", "");
						getglobal(this:GetName().."Text"):SetText("	"..METAKB_SHOW_UPDATES);
					</OnLoad>
					<OnShow>
						this:SetChecked(MetaKBOptions[this.option]);
					</OnShow>
					<OnEnter>
						MetaMap_HelpOnEnter(METAKB_SHOW_UPDATES,	METAKB_SHOW_UPDATES_HELP)
					</OnEnter>
					<OnClick>
						MetaKB_ToggleOptions(this.option);
					</OnClick>
				</Scripts>
			</CheckButton>
			<CheckButton name="MetaKB_Check_AutoTrack" inherits="MetaMap_CheckButtonTemplate">
				<Anchors>
					<Anchor	point="TOPLEFT" relativeTo="MetaKB_Check_BoundingBox">
						<Offset><AbsDimension	x="220"	y="0" /></Offset>
					</Anchor>
				</Anchors>
				<Scripts>
					<OnLoad>
						this.option = string.gsub(this:GetName(), "MetaKB_Check_", "");
						getglobal(this:GetName().."Text"):SetText("	"..METAKB_AUTO_TRACK);
					</OnLoad>
					<OnShow>
						this:SetChecked(MetaKBOptions[this.option]);
					</OnShow>
					<OnEnter>
						MetaMap_HelpOnEnter(METAKB_AUTO_TRACK, METAKB_AUTO_TRACK_HELP);
					</OnEnter>
					<OnClick>
						MetaKB_ToggleOptions(this.option);
					</OnClick>
				</Scripts>
			</CheckButton>
			<CheckButton name="MetaKB_Check_KBstate"	inherits="MetaMap_CheckButtonTemplate">
				<Anchors>
					<Anchor	point="TOPLEFT" relativeTo="MetaKB_Check_AutoTrack">
						<Offset><AbsDimension	x="0"	y="-30" /></Offset>
					</Anchor>
				</Anchors>
				<Scripts>
					<OnLoad>
						this.option = string.gsub(this:GetName(), "MetaKB_Check_", "");
						getglobal(this:GetName().."Text"):SetText("	"..METAKB_USE_KB);
					</OnLoad>
					<OnShow>
						this:SetChecked(MetaKBOptions[this.option]);
					</OnShow>
					<OnEnter>
						MetaMap_HelpOnEnter(METAKB_USE_KB, METAKB_USE_KB_HELP);
					</OnEnter>
					<OnClick>
						MetaKB_ToggleOptions(this.option);
					</OnClick>
				</Scripts>
			</CheckButton>
			<CheckButton name="MetaKB_Check_NewTargetNote"	inherits="MetaMap_CheckButtonTemplate">
				<Anchors>
					<Anchor	point="TOPLEFT" relativeTo="MetaKB_Check_KBstate">
						<Offset><AbsDimension	x="0"	y="-30" /></Offset>
					</Anchor>
				</Anchors>
				<Scripts>
					<OnLoad>
						this.option = string.gsub(this:GetName(), "MetaKB_Check_", "");
						getglobal(this:GetName().."Text"):SetText("	"..METAKB_TARGET_NOTE);
					</OnLoad>
					<OnShow>
						this:SetChecked(MetaKBOptions[this.option]);
					</OnShow>
					<OnEnter>
						MetaMap_HelpOnEnter(METAKB_TARGET_NOTE, METAKB_TARGET_NOTE_HELP);
					</OnEnter>
					<OnClick>
						MetaKB_ToggleOptions(this.option);
					</OnClick>
				</Scripts>
			</CheckButton>
			<CheckButton name="MetaKB_RangeCheck_1" inherits="MetaMap_CheckButtonTemplate">
				<Anchors>
					<Anchor	point="TOPLEFT" relativeTo="MetaKB_RangeText">
						<Offset><AbsDimension	x="0"	y="-20" /></Offset>
					</Anchor>
				</Anchors>
				<Scripts>
					<OnLoad>
						this.option = string.gsub(this:GetName(), "MetaKB_RangeCheck_", "");
						getglobal(this:GetName().."Text"):SetText("5 yards");
					</OnLoad>
					<OnClick>
						MetaKB_ToggleSetRange(this.option);
					</OnClick>
				</Scripts>
			</CheckButton>
			<CheckButton name="MetaKB_RangeCheck_2" inherits="MetaMap_CheckButtonTemplate">
				<Anchors>
					<Anchor	point="LEFT" relativePoint="RIGHT" relativeTo="MetaKB_RangeCheck_1">
						<Offset><AbsDimension	x="50" y="0" /></Offset>
					</Anchor>
				</Anchors>
				<Scripts>
					<OnLoad>
						this.option = string.gsub(this:GetName(), "MetaKB_RangeCheck_", "");
						getglobal(this:GetName().."Text"):SetText("10	yards");
					</OnLoad>
					<OnClick>
						MetaKB_ToggleSetRange(this.option);
					</OnClick>
				</Scripts>
			</CheckButton>
			<CheckButton name="MetaKB_RangeCheck_3" inherits="MetaMap_CheckButtonTemplate">
				<Anchors>
					<Anchor	point="LEFT" relativePoint="RIGHT" relativeTo="MetaKB_RangeCheck_2">
						<Offset><AbsDimension	x="60" y="0" /></Offset>
					</Anchor>
				</Anchors>
				<Scripts>
					<OnLoad>
						this.option = string.gsub(this:GetName(), "MetaKB_RangeCheck_", "");
						getglobal(this:GetName().."Text"):SetText("18	yards");
					</OnLoad>
					<OnClick>
						MetaKB_ToggleSetRange(this.option);
					</OnClick>
				</Scripts>
			</CheckButton>
			<CheckButton name="MetaKB_RangeCheck_4" inherits="MetaMap_CheckButtonTemplate">
				<Anchors>
					<Anchor	point="LEFT" relativePoint="RIGHT" relativeTo="MetaKB_RangeCheck_3">
						<Offset><AbsDimension	x="60" y="0" /></Offset>
					</Anchor>
				</Anchors>
				<Scripts>
					<OnLoad>
						this.option = string.gsub(this:GetName(), "MetaKB_RangeCheck_", "");
						getglobal(this:GetName().."Text"):SetText("28	yards");
					</OnLoad>
					<OnClick>
						MetaKB_ToggleSetRange(this.option);
					</OnClick>
				</Scripts>
			</CheckButton>
			<CheckButton name="MetaKB_RangeCheck_5" inherits="MetaMap_CheckButtonTemplate">
				<Anchors>
					<Anchor	point="BOTTOMLEFT" relativePoint="BOTTOMLEFT"	relativeTo="MetaKB_RangeCheck_4">
						<Offset><AbsDimension	x="70" y="0" /></Offset>
					</Anchor>
				</Anchors>
				<Scripts>
					<OnLoad>
						this.option = string.gsub(this:GetName(), "MetaKB_RangeCheck_", "");
						getglobal(this:GetName().."Text"):SetText("Infinite");
					</OnLoad>
					<OnClick>
						MetaKB_ToggleSetRange(this.option);
					</OnClick>
				</Scripts>
			</CheckButton>
		</Frames>
		<Scripts>
			<OnLoad>
				getglobal(this:GetName().."Text"):SetText("MetaMapWKB");
				getglobal(this:GetName().."Text"):SetTextHeight(14);
			</OnLoad>
			<OnShow>
			</OnShow>
		</Scripts>
	</Frame>

		<Frame name="MetaKB_DisplayFrame" parent="MetaMapContainerFrame" enableMouse="true" hidden="true">
			<Anchors>
				<Anchor	point="BOTTOMLEFT"/>
			</Anchors>
			<Backdrop	bgFile="Interface\DialogFrame\UI-DialogBox-Background"	tile="true"/>
		<Layers>
			<Layer level="ARTWORK">
				<FontString	name="MetaKB_HeaderText" inherits="MetaMap_HeaderTemplate"	text="">
					<Anchors>
						<Anchor	point="TOP">
							<Offset>
								<AbsDimension	x="0"	y="-8"/>
							</Offset>
						</Anchor>
					</Anchors>
				</FontString>
				<FontString	name="MetaKB_InfoText1" toplevel="true" inherits="MetaMap_FontTemplate" justifyH="LEFT" text="">
					<Anchors>
						<Anchor	point="TOPLEFT">
							<Offset>
								<AbsDimension	x="10"	y="-10"/>
							</Offset>
						</Anchor>
					</Anchors>
				</FontString>
				<FontString	name="MetaKB_InfoText2" toplevel="true" inherits="MetaMap_FontTemplate" justifyH="RIGHT" text="">
					<Anchors>
						<Anchor	point="TOPRIGHT">
							<Offset>
								<AbsDimension	x="-10"	y="-10"/>
							</Offset>
						</Anchor>
					</Anchors>
				</FontString>
			</Layer>
		</Layers>
			<Frames>
				<Frame name="MetaKB_HeaderPanel">
					<Size><AbsDimension	x="130" y="16"/></Size>
					<Anchors>
						<Anchor	point="TOPLEFT">
							<Offset><AbsDimension	x="0"	y="-36" /></Offset>
						</Anchor>
					</Anchors>
					<Backdrop	bgFile="Interface\DialogFrame\UI-DialogBox-Background"/>
					<Frames>
						<Button	name="MetaKB_Header1"	inherits="MetaKB_HeaderTemplate" text="METAKB_HEADER_NAME">
							<Anchors>
								<Anchor	point="BOTTOMLEFT">
									<Offset>
										<AbsDimension	x="0" y="0"/>
									</Offset>
								</Anchor>
							</Anchors>
							<Scripts>
								<OnLoad>
									this.MetaMap_sortDone	=	true;
									this.MetaMap_sortType	=	METAKB_SORTBY_NAME;
								</OnLoad>
							</Scripts>
						</Button>
						<Button	name="MetaKB_Header2"	inherits="MetaKB_HeaderTemplate" text="METAKB_HEADER_DESC">
							<Anchors>
								<Anchor	point="LEFT" relativeTo="MetaKB_Header1" relativePoint="RIGHT">
									<Offset>
										<AbsDimension	x="-2" y="0"/>
									</Offset>
								</Anchor>
							</Anchors>
							<Scripts>
								<OnLoad>
									this.MetaMap_sortDone	=	true;
									this.MetaMap_sortType	=	METAKB_SORTBY_DESC;
								</OnLoad>
							</Scripts>
						</Button>
						<Button	name="MetaKB_Header3"	inherits="MetaKB_HeaderTemplate" text="METAKB_HEADER_LEVEL">
							<Anchors>
								<Anchor	point="LEFT" relativeTo="MetaKB_Header2" relativePoint="RIGHT">
									<Offset>
										<AbsDimension	x="-2" y="0"/>
									</Offset>
								</Anchor>
							</Anchors>
							<Scripts>
								<OnLoad>
									this.MetaMap_sortDone	=	true;
									this.MetaMap_sortType	=	METAKB_SORTBY_LEVEL;
								</OnLoad>
							</Scripts>
						</Button>
						<Button	name="MetaKB_Header4"	inherits="MetaKB_HeaderTemplate" text="METAKB_HEADER_LOCATION">
							<Anchors>
								<Anchor	point="LEFT" relativeTo="MetaKB_Header3" relativePoint="RIGHT">
									<Offset>
										<AbsDimension	x="-2" y="0"/>
									</Offset>
								</Anchor>
							</Anchors>
							<Scripts>
								<OnLoad>
									this.MetaMap_sortDone	=	true;
									this.MetaMap_sortType	=	METAKB_SORTBY_LOCATION;
								</OnLoad>
							</Scripts>
						</Button>
					</Frames>
					<Scripts>
						<OnLoad>
							this:SetWidth(this:GetParent():GetWidth());
						</OnLoad>
					</Scripts>
				</Frame>
				<Frame name="MetaKB_FooterPanel">
					<Size><AbsDimension	x="130" y="60"/></Size>
					<Anchors>
						<Anchor	point="BOTTOMLEFT">
							<Offset><AbsDimension	x="0"	y="0" /></Offset>
						</Anchor>
						<Anchor	point="BOTTOMRIGHT">
							<Offset><AbsDimension	x="0"	y="0" /></Offset>
						</Anchor>
					</Anchors>
					<Frames>
					<EditBox name="MetaKB_SearchBox" inherits="MetaMap_SearchBoxTemplate">
						<Anchors> 
							<Anchor point="LEFT">
								<Offset><AbsDimension x="80" y="0"/></Offset>
							</Anchor>
						</Anchors> 
						<Scripts>
							<OnEnterPressed>
								if(not MetaKBOptions.Dsearch) then
									MetaKB_Search(this:GetText());
								end
							</OnEnterPressed>
							<OnTextChanged>
								if(MetaKBOptions.Dsearch) then
									MetaKB_Search(this:GetText());
								end
							</OnTextChanged>
						</Scripts>
					</EditBox>
					<Button	name="MetaKB_ZoneSelectButton" inherits="UIPanelButtonTemplate2" text="METAKB_SHOW_ALLZONES">
						<Size><AbsDimension	x="130" y="24"/></Size>
							<Anchors>
								<Anchor point="LEFT" relativeTo="MetaKB_SearchBox" relativePoint="RIGHT">
									<Offset><AbsDimension x="40" y="0"/></Offset>
								</Anchor>
							</Anchors>
							<Scripts>
								<OnClick>
									MetaKB_ToggleAllZones()
								</OnClick>
							</Scripts>
						</Button>
						<Button	name="MetaKB_OptionsButton" inherits="UIPanelButtonTemplate2" text="METAMAP_OPTIONS_BUTTON">
							<Size>
								<AbsDimension	x="80"	y="20"/>
							</Size>
							<Anchors>
								<Anchor	point="LEFT" relativeTo="MetaKB_ZoneSelectButton" relativePoint="RIGHT">
									<Offset><AbsDimension	x="40"	y="0"/></Offset>
								</Anchor>
							</Anchors>
							<Scripts>
								<OnClick>
									MetaMap_ToggleFrame(MetaKB_OptionsFrame);
								</OnClick>
							</Scripts>
						</Button>
					<Button	name="MetaKB_HelpButton" inherits="UIPanelButtonTemplate2" text="?">
						<Size>
							<AbsDimension	x="26" y="20"/>
						</Size>
						<Anchors>
							<Anchor	point="LEFT" relativeTo="MetaKB_OptionsButton" relativePoint="RIGHT">
								<Offset><AbsDimension	x="40"	y="0"/></Offset>
							</Anchor>
						</Anchors>
						<Scripts>
							<OnEnter>
								WKB_HintTooltip();
							</OnEnter>
							<OnLeave>
								WorldMapTooltip:Hide();
							</OnLeave>
							<OnClick>
								MetaMap_ContextHelp("MetaMapWKB");
							</OnClick>
						</Scripts>
					</Button>
					</Frames>
				</Frame>
				<ScrollFrame name="MetaKB_ScrollFrame" inherits="FauxScrollFrameTemplate">
					<Anchors>
						<Anchor	point="TOPLEFT" relativePoint="TOPLEFT" relativeTo="MetaKB_HeaderPanel">
							<Offset><AbsDimension	x="0"	y="0"/></Offset>
						</Anchor>
						<Anchor	point="BOTTOMRIGHT" relativePoint="TOPRIGHT" relativeTo="MetaKB_FooterPanel">
							<Offset><AbsDimension	x="-22"	y="0"/></Offset>
						</Anchor>
					</Anchors>
					<Scripts>
						<OnShow>
							this:SetAlpha(255)
						</OnShow>
						<OnVerticalScroll>
							FauxScrollFrame_OnVerticalScroll(METAKB_SCROLL_FRAME_BUTTON_HEIGHT,	MetaKB_UpdateScrollFrame)
						</OnVerticalScroll>
					</Scripts>
				</ScrollFrame>
				<Button	name="MetaKB_ScrollFrameButton1" inherits="MetaKB_ScrollFrameButtonTemplate" id="1"	hidden="true">
					<Anchors>
						<Anchor	point="TOPLEFT"	relativeTo="MetaKB_ScrollFrame">
							<Offset><AbsDimension	x="0" y="-18"/></Offset>
						</Anchor>
					</Anchors>
				</Button>
				<Button	name="MetaKB_ScrollFrameButton2" inherits="MetaKB_ScrollFrameButtonTemplate" id="2"	hidden="true">
					<Anchors>
						<Anchor	point="TOPLEFT"	relativeTo="MetaKB_ScrollFrameButton1" relativePoint="BOTTOMLEFT">
							<Offset><AbsDimension	x="0"	y="1"/></Offset>
						</Anchor>
					</Anchors>
				</Button>
				<Button	name="MetaKB_ScrollFrameButton3" inherits="MetaKB_ScrollFrameButtonTemplate" id="3"	hidden="true">
					<Anchors>
						<Anchor	point="TOPLEFT"	relativeTo="MetaKB_ScrollFrameButton2" relativePoint="BOTTOMLEFT">
							<Offset><AbsDimension	x="0"	y="1"/></Offset>
						</Anchor>
					</Anchors>
				</Button>
				<Button	name="MetaKB_ScrollFrameButton4" inherits="MetaKB_ScrollFrameButtonTemplate" id="4"	hidden="true">
					<Anchors>
						<Anchor	point="TOPLEFT"	relativeTo="MetaKB_ScrollFrameButton3" relativePoint="BOTTOMLEFT">
							<Offset><AbsDimension	x="0"	y="1"/></Offset>
						</Anchor>
					</Anchors>
				</Button>
				<Button	name="MetaKB_ScrollFrameButton5" inherits="MetaKB_ScrollFrameButtonTemplate" id="5"	hidden="true">
					<Anchors>
						<Anchor	point="TOPLEFT"	relativeTo="MetaKB_ScrollFrameButton4" relativePoint="BOTTOMLEFT">
							<Offset><AbsDimension	x="0"	y="1"/></Offset>
						</Anchor>
					</Anchors>
				</Button>
				<Button	name="MetaKB_ScrollFrameButton6" inherits="MetaKB_ScrollFrameButtonTemplate" id="6"	hidden="true">
					<Anchors>
						<Anchor	point="TOPLEFT"	relativeTo="MetaKB_ScrollFrameButton5" relativePoint="BOTTOMLEFT">
							<Offset><AbsDimension	x="0"	y="1"/></Offset>
						</Anchor>
					</Anchors>
				</Button>
				<Button	name="MetaKB_ScrollFrameButton7" inherits="MetaKB_ScrollFrameButtonTemplate" id="7"	hidden="true">
					<Anchors>
						<Anchor	point="TOPLEFT"	relativeTo="MetaKB_ScrollFrameButton6" relativePoint="BOTTOMLEFT">
							<Offset><AbsDimension	x="0"	y="1"/></Offset>
						</Anchor>
					</Anchors>
				</Button>
				<Button	name="MetaKB_ScrollFrameButton8" inherits="MetaKB_ScrollFrameButtonTemplate" id="8"	hidden="true">
					<Anchors>
						<Anchor	point="TOPLEFT"	relativeTo="MetaKB_ScrollFrameButton7" relativePoint="BOTTOMLEFT">
							<Offset><AbsDimension	x="0"	y="1"/></Offset>
						</Anchor>
					</Anchors>
				</Button>
				<Button	name="MetaKB_ScrollFrameButton9" inherits="MetaKB_ScrollFrameButtonTemplate" id="9"	hidden="true">
					<Anchors>
						<Anchor	point="TOPLEFT"	relativeTo="MetaKB_ScrollFrameButton8" relativePoint="BOTTOMLEFT">
							<Offset><AbsDimension	x="0"	y="1"/></Offset>
						</Anchor>
					</Anchors>
				</Button>
				<Button	name="MetaKB_ScrollFrameButton10"	inherits="MetaKB_ScrollFrameButtonTemplate"	id="10"	hidden="true">
					<Anchors>
						<Anchor	point="TOPLEFT"	relativeTo="MetaKB_ScrollFrameButton9" relativePoint="BOTTOMLEFT">
							<Offset><AbsDimension	x="0"	y="1"/></Offset>
						</Anchor>
					</Anchors>
				</Button>
				<Button	name="MetaKB_ScrollFrameButton11"	inherits="MetaKB_ScrollFrameButtonTemplate"	id="11"	hidden="true">
					<Anchors>
						<Anchor	point="TOPLEFT"	relativeTo="MetaKB_ScrollFrameButton10"	relativePoint="BOTTOMLEFT">
							<Offset><AbsDimension	x="0"	y="1"/></Offset>
						</Anchor>
					</Anchors>
				</Button>
				<Button	name="MetaKB_ScrollFrameButton12"	inherits="MetaKB_ScrollFrameButtonTemplate"	id="12"	hidden="true">
					<Anchors>
						<Anchor	point="TOPLEFT"	relativeTo="MetaKB_ScrollFrameButton11"	relativePoint="BOTTOMLEFT">
							<Offset><AbsDimension	x="0"	y="1"/></Offset>
						</Anchor>
					</Anchors>
				</Button>
				<Button	name="MetaKB_ScrollFrameButton13"	inherits="MetaKB_ScrollFrameButtonTemplate"	id="13"	hidden="true">
					<Anchors>
						<Anchor	point="TOPLEFT"	relativeTo="MetaKB_ScrollFrameButton12"	relativePoint="BOTTOMLEFT">
							<Offset><AbsDimension	x="0"	y="1"/></Offset>
						</Anchor>
					</Anchors>
				</Button>
				<Button	name="MetaKB_ScrollFrameButton14"	inherits="MetaKB_ScrollFrameButtonTemplate"	id="14"	hidden="true">
					<Anchors>
						<Anchor	point="TOPLEFT"	relativeTo="MetaKB_ScrollFrameButton13"	relativePoint="BOTTOMLEFT">
							<Offset><AbsDimension	x="0"	y="1"/></Offset>
						</Anchor>
					</Anchors>
				</Button>
				<Button	name="MetaKB_ScrollFrameButton15"	inherits="MetaKB_ScrollFrameButtonTemplate"	id="15"	hidden="true">
					<Anchors>
						<Anchor	point="TOPLEFT"	relativeTo="MetaKB_ScrollFrameButton14"	relativePoint="BOTTOMLEFT">
							<Offset><AbsDimension	x="0"	y="1"/></Offset>
						</Anchor>
					</Anchors>
				</Button>
				<Button	name="MetaKB_ScrollFrameButton16"	inherits="MetaKB_ScrollFrameButtonTemplate"	id="16"	hidden="true">
					<Anchors>
						<Anchor	point="TOPLEFT"	relativeTo="MetaKB_ScrollFrameButton15"	relativePoint="BOTTOMLEFT">
							<Offset><AbsDimension	x="0"	y="1"/></Offset>
						</Anchor>
					</Anchors>
				</Button>
				<Button	name="MetaKB_ScrollFrameButton17"	inherits="MetaKB_ScrollFrameButtonTemplate"	id="17"	hidden="true">
					<Anchors>
						<Anchor	point="TOPLEFT"	relativeTo="MetaKB_ScrollFrameButton16"	relativePoint="BOTTOMLEFT">
							<Offset><AbsDimension	x="0"	y="1"/></Offset>
						</Anchor>
					</Anchors>
				</Button>
				<Button	name="MetaKB_ScrollFrameButton18"	inherits="MetaKB_ScrollFrameButtonTemplate"	id="18"	hidden="true">
					<Anchors>
						<Anchor	point="TOPLEFT"	relativeTo="MetaKB_ScrollFrameButton17"	relativePoint="BOTTOMLEFT">
							<Offset><AbsDimension	x="0"	y="1"/></Offset>
						</Anchor>
					</Anchors>
				</Button>
				<Button	name="MetaKB_ScrollFrameButton19"	inherits="MetaKB_ScrollFrameButtonTemplate"	id="19"	hidden="true">
					<Anchors>
						<Anchor	point="TOPLEFT"	relativeTo="MetaKB_ScrollFrameButton18"	relativePoint="BOTTOMLEFT">
							<Offset><AbsDimension	x="0"	y="1"/></Offset>
						</Anchor>
					</Anchors>
				</Button>
				<Button	name="MetaKB_ScrollFrameButton20"	inherits="MetaKB_ScrollFrameButtonTemplate"	id="20"	hidden="true">
					<Anchors>
						<Anchor	point="TOPLEFT"	relativeTo="MetaKB_ScrollFrameButton19"	relativePoint="BOTTOMLEFT">
							<Offset><AbsDimension	x="0"	y="1"/></Offset>
						</Anchor>
					</Anchors>
				</Button>
				<Button	name="MetaKB_ScrollFrameButton21"	inherits="MetaKB_ScrollFrameButtonTemplate"	id="21"	hidden="true">
					<Anchors>
						<Anchor	point="TOPLEFT"	relativeTo="MetaKB_ScrollFrameButton20"	relativePoint="BOTTOMLEFT">
							<Offset><AbsDimension	x="0"	y="1"/></Offset>
						</Anchor>
					</Anchors>
				</Button>
				<Button	name="MetaKB_ScrollFrameButton22"	inherits="MetaKB_ScrollFrameButtonTemplate"	id="22"	hidden="true">
					<Anchors>
						<Anchor	point="TOPLEFT"	relativeTo="MetaKB_ScrollFrameButton21"	relativePoint="BOTTOMLEFT">
							<Offset><AbsDimension	x="0"	y="1"/></Offset>
						</Anchor>
					</Anchors>
				</Button>
				<Button	name="MetaKB_ScrollFrameButton23"	inherits="MetaKB_ScrollFrameButtonTemplate"	id="23"	hidden="true">
					<Anchors>
						<Anchor	point="TOPLEFT"	relativeTo="MetaKB_ScrollFrameButton22"	relativePoint="BOTTOMLEFT">
							<Offset><AbsDimension	x="0"	y="1"/></Offset>
						</Anchor>
					</Anchors>
				</Button>
				<Button	name="MetaKB_ScrollFrameButton24"	inherits="MetaKB_ScrollFrameButtonTemplate"	id="24"	hidden="true">
					<Anchors>
						<Anchor	point="TOPLEFT"	relativeTo="MetaKB_ScrollFrameButton23"	relativePoint="BOTTOMLEFT">
							<Offset><AbsDimension	x="0"	y="1"/></Offset>
						</Anchor>
					</Anchors>
				</Button>
				<Button	name="MetaKB_ScrollFrameButton25"	inherits="MetaKB_ScrollFrameButtonTemplate"	id="25"	hidden="true">
					<Anchors>
						<Anchor	point="TOPLEFT"	relativeTo="MetaKB_ScrollFrameButton24"	relativePoint="BOTTOMLEFT">
							<Offset><AbsDimension	x="0"	y="1"/></Offset>
						</Anchor>
					</Anchors>
				</Button>
				<Button	name="MetaKB_ScrollFrameButton26"	inherits="MetaKB_ScrollFrameButtonTemplate"	id="26"	hidden="true">
					<Anchors>
						<Anchor	point="TOPLEFT"	relativeTo="MetaKB_ScrollFrameButton25"	relativePoint="BOTTOMLEFT">
							<Offset><AbsDimension	x="0"	y="1"/></Offset>
						</Anchor>
					</Anchors>
				</Button>
				<Button	name="MetaKB_ScrollFrameButton27"	inherits="MetaKB_ScrollFrameButtonTemplate"	id="27"	hidden="true">
					<Anchors>
						<Anchor	point="TOPLEFT"	relativeTo="MetaKB_ScrollFrameButton26"	relativePoint="BOTTOMLEFT">
							<Offset><AbsDimension	x="0"	y="1"/></Offset>
						</Anchor>
					</Anchors>
				</Button>
				<Button	name="MetaKB_ScrollFrameButton28"	inherits="MetaKB_ScrollFrameButtonTemplate"	id="28"	hidden="true">
					<Anchors>
						<Anchor	point="TOPLEFT"	relativeTo="MetaKB_ScrollFrameButton27"	relativePoint="BOTTOMLEFT">
							<Offset><AbsDimension	x="0"	y="1"/></Offset>
						</Anchor>
					</Anchors>
				</Button>
				<Button	name="MetaKB_ScrollFrameButton29"	inherits="MetaKB_ScrollFrameButtonTemplate"	id="29"	hidden="true">
					<Anchors>
						<Anchor	point="TOPLEFT"	relativeTo="MetaKB_ScrollFrameButton28"	relativePoint="BOTTOMLEFT">
							<Offset><AbsDimension	x="0"	y="1"/></Offset>
						</Anchor>
					</Anchors>
				</Button>
				<Button	name="MetaKB_ScrollFrameButton30"	inherits="MetaKB_ScrollFrameButtonTemplate"	id="30"	hidden="true">
					<Anchors>
						<Anchor	point="TOPLEFT"	relativeTo="MetaKB_ScrollFrameButton29"	relativePoint="BOTTOMLEFT">
							<Offset><AbsDimension	x="0"	y="1"/></Offset>
						</Anchor>
					</Anchors>
				</Button>
			</Frames>
			<Scripts>
				<OnLoad>
					this:SetWidth(MetaMapContainerFrame:GetWidth());
					this:SetHeight(MetaMapContainerFrame:GetHeight());
					MetaKB_HeaderPanel:SetWidth(this:GetWidth());
					MetaKB_FooterPanel:SetWidth(this:GetWidth());
					MetaKB_ScrollFrame:SetWidth(this:GetWidth());
					MetaKB_InitFrame();
				</OnLoad>
				<OnShow>
					MetaKB_Search();
				</OnShow>
				<OnHide>
					MetaKB_OptionsFrame:Hide();
					MetaKB_ShowAllZones = false;
					MetaKB_ZoneSelectButton:SetText(METAKB_SHOW_ALLZONES);
				</OnHide>
			</Scripts>
		</Frame>
 
	<Frame name="MetaKBMenu" enableMouse="true" hidden="true" toplevel="true" parent="UIParent" frameStrata="FULLSCREEN">
		<Size>
			<AbsDimension	x="160"	y="170"/>
		</Size>
		<Backdrop	bgFile="Interface\DialogFrame\UI-DialogBox-Background" edgeFile="Interface\DialogFrame\UI-DialogBox-Border"	tile="true">
			<BackgroundInsets>
				<AbsInset	left="11"	right="12" top="12"	bottom="11"/>
			</BackgroundInsets>
			<TileSize>
				<AbsValue	val="32"/>
			</TileSize>
			<EdgeSize>
				<AbsValue	val="32"/>
			</EdgeSize>
		</Backdrop>
		<Frames>
			<Button	name="MetaKBMenu_Option1" inherits="MetaKBMenu_ButtonTemplate" id="1" text="METAKB_QUICK_MENU_1">
				<Anchors>
					<Anchor	point="TOPLEFT"	relativeTo="$parent" relativePoint="TOPLEFT">
						<Offset>
							<AbsDimension	x="20" y="-20"/>
						</Offset>
					</Anchor>
				</Anchors>
			</Button>
			<Button	name="MetaKBMenu_Option2" inherits="MetaKBMenu_ButtonTemplate" id="2" text="METAKB_QUICK_MENU_2">
				<Anchors>
					<Anchor	point="TOPLEFT"	relativeTo="MetaKBMenu_Option1" relativePoint="BOTTOMLEFT"/>
				</Anchors>
			</Button>
			<Button	name="MetaKBMenu_Option3" inherits="MetaKBMenu_ButtonTemplate" id="3" text="METAKB_QUICK_MENU_3">
				<Anchors>
					<Anchor	point="TOPLEFT"	relativeTo="MetaKBMenu_Option2" relativePoint="BOTTOMLEFT"/>
				</Anchors>
			</Button>
			<Button	name="MetaKBMenu_Option4" inherits="MetaKBMenu_ButtonTemplate" id="4" text="METAKB_QUICK_MENU_4">
				<Anchors>
					<Anchor	point="TOPLEFT"	relativeTo="MetaKBMenu_Option3" relativePoint="BOTTOMLEFT"/>
				</Anchors>
			</Button>
			<Button	name="MetaKBMenu_Option5" inherits="MetaKBMenu_ButtonTemplate" id="5" text="METAKB_QUICK_MENU_5">
				<Anchors>
					<Anchor	point="TOPLEFT"	relativeTo="MetaKBMenu_Option4" relativePoint="BOTTOMLEFT"/>
				</Anchors>
			</Button>
			<Button	name="MetaKBMenu_Option6" inherits="MetaKBMenu_ButtonTemplate" id="6" text="METAKB_QUICK_MENU_6">
				<Anchors>
					<Anchor	point="TOPLEFT"	relativeTo="MetaKBMenu_Option5" relativePoint="BOTTOMLEFT"/>
				</Anchors>
			</Button>
			<Button	name="MetaKBMenu_Option7" inherits="MetaKBMenu_ButtonTemplate" id="7" text="METAKB_QUICK_MENU_7">
				<Anchors>
					<Anchor	point="TOPLEFT"	relativeTo="MetaKBMenu_Option6" relativePoint="BOTTOMLEFT"/>
				</Anchors>
			</Button>
			<Button	name="MetaKBMenu_Option8" inherits="MetaKBMenu_ButtonTemplate" id="8" text="METAKB_QUICK_MENU_8">
				<Anchors>
					<Anchor	point="TOPLEFT"	relativeTo="MetaKBMenu_Option7" relativePoint="BOTTOMLEFT"/>
				</Anchors>
			</Button>
		</Frames>
		<Scripts>
			<OnShow>
				PlaySound("UChatScrollButton");
			</OnShow>
			<OnUpdate>
				if (not MouseIsOver(this)) then
					this:Hide();
				end
			</OnUpdate>
		</Scripts>		
	</Frame>

	<Frame name="MetaKB_EventFrame" parent="UIParent">
		<Scripts>
			<OnLoad>
				MetaKB_EventFrame_OnLoad();
			</OnLoad>
			<OnEvent>
				MetaKB_OnEvent(event);
			</OnEvent>
		</Scripts>
	</Frame>

</Ui>
