<Ui xmlns="http://www.blizzard.com/wow/ui/" xmlns:xsi="http://www.w3.org/2001/XMLSchema-instance" xsi:schemaLocation="http://www.blizzard.com/wow/ui/
..\FrameXML\UI.xsd">
	<Script file="Localization.lua"/>
	<Script file="TitanClassTracker.lua"/>
	<Frame parent="UIParent">
		<Frames>
			<Button name="TitanPanelClassTrackerButton" inherits="TitanPanelTextTemplate" frameStrata="FULLSCREEN" toplevel="true">
				<Scripts>
					<OnLoad>
						TitanPanelClassTrackerButton_OnLoad()
						TitanPanelButton_OnLoad()
					</OnLoad>
			<OnEvent>
                        	TitanPanelClassTrackerButton_OnEvent()
                        </OnEvent>
				</Scripts>
			</Button>
		</Frames>
	</Frame>

</Ui>