<Ui xmlns="http://www.blizzard.com/wow/ui/" xmlns:xsi="http://www.w3.org/2001/XMLSchema-instance" xsi:schemaLocation="http://www.blizzard.com/wow/ui/
..\FrameXML\UI.xsd">

  <Script file="SellOMatic.lua"/>
  
  <Frame name="SellOMatic" parent="UIParent" hidden="true">
    <Size>
      <AbsDimension x="1" y="1" />
    </Size>
    <Anchors>
      <Anchor point="CENTER" relativeTo="UIParent">
        <Offset>
          <AbsDimension x="-270" y="245" />
        </Offset>
      </Anchor>
    </Anchors>
    <Backdrop bgFile="Interface\DialogFrame\UI-DialogBox-Background" tile="false"> 
    </Backdrop>
    
    <Frames>
    <Button name="SellButton" inherits="OptionsButtonTemplate" text="Sell" parent="MerchantFrame">
    <Size>
          <AbsDimension x="50" y="22" />
        </Size>
		<Anchors>
			<Anchor point="TOPLEFT">
				<Offset>
					<AbsDimension x="285" y="-45"/>
				</Offset>
			</Anchor>
		</Anchors>
		<Scripts>
			<OnClick> SOM:Sell() </OnClick>
		</Scripts>
	</Button>
      <Button name="AddButton" inherits="OptionsButtonTemplate" text="Add" parent="MerchantFrame">
      <Size>
          <AbsDimension x="50" y="22" />
        </Size>
		<Anchors>
			<Anchor point="TOPLEFT">
				<Offset>
					<AbsDimension x="230" y="-45"/>
				</Offset>
			</Anchor>
		</Anchors>
		<Scripts>
			<OnClick> SOM:ShowAddBox() </OnClick>
		</Scripts>
	</Button>
    </Frames>  
  </Frame>
  
  <GameTooltip name="SellOMatic_Tooltip" inherits="GameTooltipTemplate" hidden="true">
		<Scripts>
			<OnLoad>
				this:SetScript("OnTooltipAddMoney", SellOMatic_SetProfit);
			</OnLoad>
		</Scripts>
	</GameTooltip>
	
</Ui>