<Ui xmlns="http://www.blizzard.com/wow/ui/" xmlns:xsi="http://www.w3.org/2001/XMLSchema-instance" xsi:schemaLocation="http://www.blizzard.com/wow/ui/
..\FrameXML\UI.xsd">
	<Script file="localization.lua"/>
	<Script file="localization.de.lua"/>
	<Script file="localization.fr.lua"/>
	<Script file="TitanSummoner.lua"/>
	<Frame parent="UIParent">
		<Frames>
			<Button name="TitanPanelSummonerButton" inherits="TitanPanelComboTemplate" frameStrata="FULLSCREEN" toplevel="true">
				<Scripts>
					<OnLoad>
						TitanPanelSummonerButton_OnLoad();
						TitanPanelButton_OnLoad();
					</OnLoad>
					<OnEvent>
						TitanPanelSummonerButton_OnEvent();
					</OnEvent>
					<OnEnter>
						TitanPanelButton_OnEnter();
					</OnEnter>
				</Scripts>
			</Button>
		</Frames>
	</Frame>
</Ui>
