<Ui xmlns="http://www.blizzard.com/wow/ui/" xmlns:xsi="http://www.w3.org/2001/XMLSchema-instance" xsi:schemaLocation="http://www.blizzard.com/wow/ui/FrameXML\UI.xsd">
	<Script file="localization.lua"/>
	<Script file="localization.de.lua"/>
	<Script file="localization.fr.lua"/>
	<Script file="TitanWindFury.lua"/>

	<Frame parent="UIParent">
		<Frames>
			<Button name="TitanPanelWindFuryButton" inherits="TitanPanelTextTemplate" frameStrata="FULLSCREEN" toplevel="true">
				<Scripts>
					<OnLoad>					

						if ( TitanPanelButton_OnLoad ) then							
							TitanWindFuryButton_OnLoad();
							TitanPanelButton_OnLoad();
							TWF_OnLoad();
						end
					</OnLoad>
					<OnEvent>
						TWF_OnEvent();
					</OnEvent>
					<OnClick>
						TitanPanelWindFuryButton_OnClick(arg1);
						TitanPanelButton_OnClick(arg1);
					</OnClick>
				</Scripts>
			</Button>
		</Frames>
	</Frame>
	<GameTooltip name="TWF_TempTooltip" inherits="GameTooltipTemplate" parent="UIParent" hidden="true"/>
</Ui>
