<Ui xmlns="http://www.blizzard.com/wow/ui/" xmlns:xsi="http://www.w3.org/2001/XMLSchema-instance" xsi:schemaLocation="http://www.blizzard.com/wow/ui/
..\FrameXML\UI.xsd">
	<!-- load localization -->
	<Script file="localization.lua"/>
	<!-- import data -->
	<Script file="dkp_dump.lua"/>
	<!-- load Titan DKP Functions -->
	<Script file="TitanDKP.lua"/>
	
	<!-- Titan button -->
	<Frame parent="UIParent">
		<Frames>
			<Button name="TitanPanelTITANDKPButton" inherits="TitanPanelComboTemplate" frameStrata="FULLSCREEN" toplevel="true">
				<Size>
					<AbsDimension x="128" y="16"/>
				</Size>
				<Scripts>
					<OnLoad>
						TitanPanelTITANDKPButton_OnLoad();
						TitanPanelButton_OnLoad();
					</OnLoad>
					<OnClick>
						TitanPanelTITANDKPButton_OnClick(arg1);
						TitanPanelButton_OnClick(arg1);
					</OnClick>
					<OnEvent>
						TitanPanelTITANDKP_OnEvent(event);
					</OnEvent>
					<OnHide>
						TitanPanelTITANDKP_OnHide();
					</OnHide>
				</Scripts>
			</Button>
		</Frames>
	</Frame>
</Ui>
