<Ui xmlns="http://www.blizzard.com/wow/ui/" xmlns:xsi="http://www.w3.org/2001/XMLSchema-instance" xsi:schemaLocation="http://www.blizzard.com/wow/ui/
..\FrameXML\UI.xsd">
	<Script file="TitanMainMenu.lua"/>
	<Frame parent="UIParent">
		<Frames>
			<Button name="TitanPanelMainMenuButton" inherits="TitanPanelButtonTemplate" frameStrata="FULLSCREEN" toplevel="true">
				<Size>
					<AbsDimension x="128" y="20"/>
				</Size>
				<Frames>
					<CheckButton name="TitanPanelChar" id="0">
						<Size>
							<AbsDimension x="16" y="16"/>
						</Size>
						<Anchors>
							<Anchor point="LEFT">
								<Offset>
									<AbsDimension x="0" y="0"/>
								</Offset>
							</Anchor>
						</Anchors>
						<NormalTexture name="$parentNormalTexture" file="Interface\AddOns\TitanMainMenu\Artwork\TitanChar">
							<Size>
								<AbsDimension x="16" y="16"/>
							</Size>
							<Anchors>
								<Anchor point="CENTER">
									<Offset>
										<AbsDimension x="0" y="0"/>
									</Offset>
								</Anchor>
							</Anchors>
						</NormalTexture>
						<Scripts>
							<OnLoad>
								this:RegisterForClicks("LeftButtonUp", "RightButtonUp");
							</OnLoad>
							<OnClick>
								ToggleCharacter("PaperDollFrame");
							</OnClick>
							<OnEnter>
								TitanPanelChar_OnEvent();
							</OnEnter>
							<OnLeave>
								GameTooltip:Hide();
							</OnLeave>
						</Scripts>
					</CheckButton>

					<CheckButton name="TitanPanelSpells" id="0">
						<Size>
							<AbsDimension x="16" y="16"/>
						</Size>
						<Anchors>
							<Anchor point="LEFT" relativeTo="TitanPanelChar" relativePoint="RIGHT">
								<Offset>
									<AbsDimension x="0" y="0"/>
								</Offset>
							</Anchor>
						</Anchors>
						<NormalTexture name="$parentNormalTexture" file="Interface\AddOns\TitanMainMenu\Artwork\TitanSpells">
							<Size>
								<AbsDimension x="16" y="16"/>
							</Size>
							<Anchors>
								<Anchor point="CENTER">
									<Offset>
										<AbsDimension x="0" y="0"/>
									</Offset>
								</Anchor>
							</Anchors>
						</NormalTexture>
						<Scripts>
							<OnLoad>
								this:RegisterForClicks("LeftButtonUp", "RightButtonUp");
							</OnLoad>
							<OnClick>
								ToggleSpellBook(BOOKTYPE_SPELL);
							</OnClick>
							<OnEnter>
								TitanPanelSpells_OnEvent();
							</OnEnter>
							<OnLeave>
								GameTooltip:Hide();
							</OnLeave>
						</Scripts>
					</CheckButton>

					<CheckButton name="TitanPanelTalents" id="0">
						<Size>
							<AbsDimension x="16" y="16"/>
						</Size>
						<Anchors>
							<Anchor point="LEFT" relativeTo="TitanPanelSpells" relativePoint="RIGHT">
								<Offset>
									<AbsDimension x="0" y="0"/>
								</Offset>
							</Anchor>
						</Anchors>
						<NormalTexture name="$parentNormalTexture" file="Interface\AddOns\TitanMainMenu\Artwork\TitanTalent">
							<Size>
								<AbsDimension x="16" y="16"/>
							</Size>
							<Anchors>
								<Anchor point="CENTER">
									<Offset>
										<AbsDimension x="0" y="0"/>
									</Offset>
								</Anchor>
							</Anchors>
						</NormalTexture>
						<Scripts>
							<OnLoad>
								this:RegisterForClicks("LeftButtonUp", "RightButtonUp");
							</OnLoad>
							<OnClick>
								ToggleTalentFrame();
							</OnClick>
							<OnEnter>
								TitanPanelTalents_OnEvent();
							</OnEnter>
							<OnLeave>
								GameTooltip:Hide();
							</OnLeave>
						</Scripts>
					</CheckButton>

					<CheckButton name="TitanPanelQuest" id="0">
						<Size>
							<AbsDimension x="16" y="16"/>
						</Size>
						<Anchors>
							<Anchor point="LEFT" relativeTo="TitanPanelTalents" relativePoint="RIGHT">
								<Offset>
									<AbsDimension x="0" y="0"/>
								</Offset>
							</Anchor>
						</Anchors>
						<NormalTexture name="$parentNormalTexture" file="Interface\AddOns\TitanMainMenu\Artwork\TitanQuest">
							<Size>
								<AbsDimension x="16" y="16"/>
							</Size>
							<Anchors>
								<Anchor point="CENTER">
									<Offset>
										<AbsDimension x="0" y="0"/>
									</Offset>
								</Anchor>
							</Anchors>
						</NormalTexture>
						<Scripts>
							<OnLoad>
								this:RegisterForClicks("LeftButtonUp", "RightButtonUp");
							</OnLoad>
							<OnClick>
								ToggleQuestLog();
							</OnClick>
							<OnEnter>
								TitanPanelQuest_OnEvent();
							</OnEnter>
							<OnLeave>
								GameTooltip:Hide();
							</OnLeave>
						</Scripts>
					</CheckButton>

					<CheckButton name="TitanPanelSocials" id="0">
						<Size>
							<AbsDimension x="16" y="16"/>
						</Size>
						<Anchors>
							<Anchor point="LEFT" relativeTo="TitanPanelQuest" relativePoint="RIGHT">
								<Offset>
									<AbsDimension x="0" y="0"/>
								</Offset>
							</Anchor>
						</Anchors>
						<NormalTexture name="$parentNormalTexture" file="Interface\AddOns\TitanMainMenu\Artwork\TitanSocial">
							<Size>
								<AbsDimension x="16" y="16"/>
							</Size>
							<Anchors>
								<Anchor point="CENTER">
									<Offset>
										<AbsDimension x="0" y="0"/>
									</Offset>
								</Anchor>
							</Anchors>
						</NormalTexture>
						<Scripts>
							<OnLoad>
								this:RegisterForClicks("LeftButtonUp", "RightButtonUp");
							</OnLoad>
							<OnClick>
								ToggleFriendsFrame();
							</OnClick>
							<OnEnter>
								TitanPanelSocial_OnEvent();
							</OnEnter>
							<OnLeave>
								GameTooltip:Hide();
							</OnLeave>
						</Scripts>
					</CheckButton>

					<CheckButton name="TitanPanelWorld" id="0">
						<Size>
							<AbsDimension x="16" y="16"/>
						</Size>
						<Anchors>
							<Anchor point="LEFT" relativeTo="TitanPanelSocials" relativePoint="RIGHT">
								<Offset>
									<AbsDimension x="0" y="0"/>
								</Offset>
							</Anchor>
						</Anchors>
						<NormalTexture name="$parentNormalTexture" file="Interface\AddOns\TitanMainMenu\Artwork\TitanWorld">
							<Size>
								<AbsDimension x="16" y="16"/>
							</Size>
							<Anchors>
								<Anchor point="CENTER">
									<Offset>
										<AbsDimension x="0" y="0"/>
									</Offset>
								</Anchor>
							</Anchors>
						</NormalTexture>
						<Scripts>
							<OnLoad>
								this:RegisterForClicks("LeftButtonUp", "RightButtonUp");
							</OnLoad>
							<OnClick>
								ToggleWorldMap();
							</OnClick>
							<OnEnter>
								TitanPanelWorldMap_OnEvent();
							</OnEnter>
							<OnLeave>
								GameTooltip:Hide();
							</OnLeave>
						</Scripts>
					</CheckButton>

					<CheckButton name="TitanPanelMM" id="0">
						<Size>
							<AbsDimension x="16" y="16"/>
						</Size>
						<Anchors>
							<Anchor point="LEFT" relativeTo="TitanPanelWorld" relativePoint="RIGHT">
								<Offset>
									<AbsDimension x="0" y="0"/>
								</Offset>
							</Anchor>
						</Anchors>
						<NormalTexture name="$parentNormalTexture" file="Interface\AddOns\TitanMainMenu\Artwork\TitanMainMenu">
							<Size>
								<AbsDimension x="16" y="16"/>
							</Size>
							<Anchors>
								<Anchor point="CENTER">
									<Offset>
										<AbsDimension x="0" y="0"/>
									</Offset>
								</Anchor>
							</Anchors>
						</NormalTexture>
						<Scripts>
							<OnLoad>
								this:RegisterForClicks("LeftButtonUp", "RightButtonUp");
							</OnLoad>
							<OnClick>
								ToggleGameMenu(1);
							</OnClick>
							<OnEnter>
								TitanPanelGameMenu_OnEvent();
							</OnEnter>
							<OnLeave>
								GameTooltip:Hide();
							</OnLeave>
						</Scripts>
					</CheckButton>

					<CheckButton name="TitanPanelHelp" id="0">
						<Size>
							<AbsDimension x="16" y="16"/>
						</Size>
						<Anchors>
							<Anchor point="LEFT" relativeTo="TitanPanelMM" relativePoint="RIGHT">
								<Offset>
									<AbsDimension x="0" y="0"/>
								</Offset>
							</Anchor>
						</Anchors>
						<NormalTexture name="$parentNormalTexture" file="Interface\AddOns\TitanMainMenu\Artwork\TitanHelp">
							<Size>
								<AbsDimension x="16" y="16"/>
							</Size>
							<Anchors>
								<Anchor point="CENTER">
									<Offset>
										<AbsDimension x="0" y="0"/>
									</Offset>
								</Anchor>
							</Anchors>
						</NormalTexture>
						<Scripts>
							<OnLoad>
								this:RegisterForClicks("LeftButtonUp", "RightButtonUp");
							</OnLoad>
							<OnClick>
								ToggleHelpFrame();
							</OnClick>
							<OnEnter>
								TitanPanelHelp_OnEvent();
							</OnEnter>
							<OnLeave>
								GameTooltip:Hide();
							</OnLeave>
						</Scripts>
					</CheckButton>

				</Frames>
				<Scripts>
					<OnLoad>
						TitanPanelMainMenuButton_OnLoad();
						TitanPanelButton_OnLoad();
					</OnLoad>
					<OnEvent>
						TitanPanelMainMenuButton_OnEvent();
					</OnEvent>
					<OnClick>
						TitanPanelMainMenuButton_OnClick(arg1);
						TitanPanelButton_OnClick(arg1);
					</OnClick>
				</Scripts>
			</Button>
		</Frames>
	</Frame>		
		
</Ui>