<Ui xmlns="http://www.blizzard.com/wow/ui/" xmlns:xsi="http://www.w3.org/2001/XMLSchema-instance" xsi:schemaLocation="http://www.blizzard.com/wow/ui/
..\FrameXML\UI.xsd">
	<Script file="TitanNameToggle.lua"/>
	<Frame parent="UIParent">
		<Frames>
			<Button name="TitanPanelNameToggleButton" inherits="TitanPanelIconTemplate" frameStrata="FULLSCREEN" toplevel="true">
				<Scripts>
					<OnLoad>
						TitanPanelNameToggleButton_OnLoad();
						TitanPanelButton_OnLoad();
					</OnLoad>
					<OnEvent>
						TitanPanelNameToggleButton_OnEvent();
					</OnEvent>
					<OnClick>
						TitanPanelNameToggleButton_OnClick(arg1);
					</OnClick>
				</Scripts>
			</Button>
		</Frames>
	</Frame>	
</Ui>