<Ui xmlns="http://www.blizzard.com/wow/ui/" xmlns:xsi="http://www.w3.org/2001/XMLSchema-instance" xsi:schemaLocation="http://www.blizzard.com/wow/ui/
	..\FrameXML\UI.xsd">

	<Script file="EnemyBuffTimersVanilla.lua"/>
	<Frame name="EnemyBuffTimers" hidden="false" inherits="ActionButtonTemplate">
		<Scripts>
			<OnEvent>
				EnemyBuffTimers.OnEvent();
			</OnEvent>
			<OnUpdate>EnemyBuffTimers_OnUpdate(arg1);</OnUpdate>
		</Scripts>
	</Frame>
	<GameTooltip name="EnemyToolTip" frameStrata="TOOLTIP" hidden="true" inherits="GameTooltipTemplate">
		<Scripts>
			<OnLoad>
				this:SetOwner(UIParent,"ANCHOR_NONE")
			</OnLoad>
		</Scripts> 
	</GameTooltip>
</Ui>