<Ui xmlns="http://www.blizzard.com/wow/ui/" xmlns:xsi="http://www.w3.org/2001/XMLSchema-instance" xsi:schemaLocation="http://www.blizzard.com/wow/ui/
..\FrameXML\UI.xsd">
	<Script file="localization.lua"/>
	<Script file="TitanQuestsUtils.lua"/>
	<Script file="TitanQuests.lua"/>
	<Frame parent="UIParent">
		<Frames>
			<Button name="TitanPanelQuestsButton" inherits="TitanPanelComboTemplate" frameStrata="FULLSCREEN" toplevel="true">
				<Scripts>
					<OnLoad>
						TitanPanelQuestsButton_OnLoad();
						TitanPanelButton_OnLoad();
					</OnLoad>
					<OnEvent>
						TitanPanelQuestsButton_OnEvent();
					</OnEvent>
					<OnEnter>
						TitanPanelButton_OnEnter();
					</OnEnter>
					<OnUpdate>
						TitanPanelQuestsButton_OnUpdate(arg1);
					</OnUpdate>
				</Scripts>
			</Button>
		</Frames>
	</Frame>

</Ui>
	