<Ui xmlns="http://www.blizzard.com/wow/ui/" xmlns:xsi="http://www.w3.org/2001/XMLSchema-instance" xsi:schemaLocation="http://www.blizzard.com/wow/ui/
..\FrameXML\UI.xsd">
	<Script file="Localization.lua"/>
	<Script file="PredefinedMenus.lua"/>
	<Script file="UserMenus.lua"/>
	<Script file="TitanModMenu.lua"/>
	<Frame parent="UIParent">
		<Frames>
			<Button name="TitanPanelModMenuButton" inherits="TitanPanelComboTemplate" frameStrata="FULLSCREEN" toplevel="true">
				<Scripts>
					<OnLoad>
						TitanPanelModMenuButton_OnLoad();
						TitanPanelButton_OnLoad();
					</OnLoad>
					<OnEvent>
						TitanPanelModMenuButton_OnEvent();
					</OnEvent>
				</Scripts>
			</Button>
			<Button name="TitanPanelModMenuRightButton" inherits="TitanPanelIconTemplate" frameStrata="FULLSCREEN" toplevel="true">
				<Scripts>
					<OnLoad>
						TitanPanelModMenuRightButton_OnLoad();
						TitanPanelButton_OnLoad();
					</OnLoad>
				</Scripts>
			</Button>
		</Frames>
	</Frame>	
	<EditBox name="TitanPanelModMenuEditBox" inherits="ChatFrameEditBoxTemplate" parent="UIParent" hidden="true">       
		<Scripts>                           
		  <OnLoad>                         
		  </OnLoad>                        
		</Scripts>                          
	</EditBox> 
</Ui>