<Ui	xmlns="http://www.blizzard.com/wow/ui/"	xmlns:xsi="http://www.w3.org/2001/XMLSchema-instance"	xsi:schemaLocation="http://www.blizzard.com/wow/ui/
..\FrameXML\UI.xsd">
	<Script	file="MetaMapBKP.lua"/>

	<Frame name="MetaMapBKP_BackUpFrame" parent="MetaMap_DialogFrame">
		<Anchors>
			<Anchor	point="TOPLEFT"/>
			<Anchor	point="BOTTOMRIGHT"/>
		</Anchors>
		<Frames>
			<CheckButton name="BKP_Check_NoteData" inherits="MetaMap_CheckButtonTemplate">
				<Anchors>
					<Anchor	point="TOPLEFT">
						<Offset><AbsDimension	x="80"	y="-200" /></Offset>
					</Anchor>
				</Anchors>
				<Scripts>
					<OnShow>
						this:SetChecked(0);
						getglobal(this:GetName().."Text"):SetText("MetaMap Notes");
					</OnShow>
				</Scripts>
			</CheckButton>
			<CheckButton name="BKP_Check_WKBdata" inherits="MetaMap_CheckButtonTemplate">
				<Anchors>
					<Anchor	point="TOPLEFT" relativeTo="BKP_Check_NoteData">
						<Offset><AbsDimension	x="150"	y="0" /></Offset>
					</Anchor>
				</Anchors>
				<Scripts>
					<OnShow>
						this:SetChecked(0);
						getglobal(this:GetName().."Text"):SetText("MetaMapWKB Data");
					</OnShow>
				</Scripts>
			</CheckButton>
			<CheckButton name="BKP_Check_QSTdata" inherits="MetaMap_CheckButtonTemplate">
				<Anchors>
					<Anchor	point="TOPLEFT" relativeTo="BKP_Check_WKBdata">
						<Offset><AbsDimension	x="150"	y="0" /></Offset>
					</Anchor>
				</Anchors>
				<Scripts>
					<OnShow>
						this:SetChecked(0);
						getglobal(this:GetName().."Text"):SetText("MetaMapQST Data");
					</OnShow>
				</Scripts>
			</CheckButton>
			<Button	name="MetaMapBKP_Backup" inherits="UIPanelButtonTemplate2" text="METAMAPBKP_BACKUP">
				 <Size><AbsDimension x="120" y="24"/></Size>
				 <Anchors>
						<Anchor	point="BOTTOM">
						 <Offset><AbsDimension x="-100" y="30"	/></Offset>
					 </Anchor>
				 </Anchors>
				 <Scripts>
					<OnClick>
						MetaMapBKP_Init("backup");
					</OnClick>
				</Scripts>
			</Button>
			<Button	name="MetaMapBKP_Restore" inherits="UIPanelButtonTemplate2" text="METAMAPBKP_RESTORE">
				 <Size><AbsDimension x="120" y="24"/></Size>
				 <Anchors>
						<Anchor	point="BOTTOM">
						 <Offset><AbsDimension x="100" y="30"	/></Offset>
					 </Anchor>
				 </Anchors>
				 <Scripts>
					<OnClick>
						MetaMapBKP_Init("restore");
					</OnClick>
				</Scripts>
			</Button>
		</Frames>
		<Scripts>
			<OnLoad>
				MetaMap_OptionsInfo:SetText(METAMAPBKP_INFO.."\n\nSelect the data you wish to Backup/Restore");
			</OnLoad>
		</Scripts>
	</Frame>
</Ui>
