<Ui xmlns="http://www.blizzard.com/wow/ui/"   xmlns:xsi="http://www.w3.org/2001/XMLSchema-instance"   xsi:schemaLocation="http://www.blizzard.com/wow/ui/"> 
   <Script file="FuBar_BWP_TLocFu.lua"/> 

   <!-- Frame to handle all core events --> 
   <Frame name="BWP_TLocFu1Core" parent="UIParent" hidden="false"> 
   </Frame> 
   
   <Frame name="BWP_TLocFu1Frame" toplevel="true" enableMouse="true" movable="true" parent="UIParent" hidden="true" >
	 <TitleRegion setAllPoints="true"/> 	  
		<Size>
			<AbsDimension x="354" y="80"/>
		</Size>
		<Anchors>
 			<Anchor point="CENTER">
 				<Offset>
 					<AbsDimension x="0" y="0"/>
 				</Offset>
 			</Anchor>
 		</Anchors>
		<Layers>
			<Layer level="ARTWORK">
				<Texture file="Interface\MoneyFrame\UI-MoneyFrame2">
				      <Color r="0" g="0" b="0" a="0.75"/>
					<Size>
						<AbsDimension x="520" y="108"/>
					</Size>
					<Anchors>
						<Anchor point="TOPLEFT" relativeTo="BWP_TLocFu1Frame">
							<Offset>
								<AbsDimension x="0" y="0"/>
							</Offset>
						</Anchor>
					</Anchors>
				</Texture>
				<FontString name="BWP_TLocFu1TitleText" inherits="GameFontHighlight" text="BWP: TLoc Target Search">
					<Size>
						<AbsDimension x="256" y="16"/>
					</Size>
					<Color r="0" g="1.0" b="0" a="0.75"/>
					<Anchors>
						<Anchor point="CENTER" relativeTo="BWP_TLocFu1Frame" telativePoint="CENTER">
							<Offset>
								<AbsDimension x="0" y="26"/>
							</Offset>
						</Anchor>
					</Anchors>
				</FontString>
			</Layer>
		</Layers>
		<Frames>
			<Button name="BWP_TLocFu1CloseButton" inherits="BWP_TLocFu1CloseButton">
				<Anchors>
					<Anchor point="CENTER" relativeTo="BWP_TLocFu1Frame" relativePoint="TOPRIGHT">
						<Offset>
							<AbsDimension x="-32" y="-17" />
						</Offset>
					</Anchor>
				</Anchors>
			</Button>

			<Button name="BWP_TLocFu1SubmitButton" inherits="UIPanelButtonTemplate" text="Submit Search">
				<Size>
					<AbsDimension x="100" y="22"/>
				</Size>
				<Anchors>
					<Anchor point="CENTER" relativeTo="BWP_TLocFu1Frame">
						<Offset>
							<AbsDimension x="-50" y="-19"/>
						</Offset>
					</Anchor>
				</Anchors>
				<Scripts>
					<OnClick>
						BWP_TLocFu1_Submit();
					</OnClick>
				</Scripts>
			</Button>
			
			<Button name="BWP_TLocFu1ClearButton2" inherits="UIPanelButtonTemplate" text="Clear Search">
				<Size>
					<AbsDimension x="100" y="22"/>
				</Size>
				<Anchors>
					<Anchor point="CENTER" relativeTo="BWP_TLocFu1SubmitButton">
						<Offset>
							<AbsDimension x="100" y="0"/>
						</Offset>
					</Anchor>
				</Anchors>
				<Scripts>
					<OnClick>
						BWP_TLocFu1_Clear();
					</OnClick>
				</Scripts>
			</Button>
			
			<EditBox name="BWP_TLocFu1FrameEdit" letters="256" multiLine="false" historyLines="10" autoFocus="true">
				<Size>
					<AbsDimension x="245" y="20"/>
				</Size>
				<Anchors>
					<Anchor point="CENTER" relativeTo="BWP_TLocFu1Frame" relativePoint="CENTER">
						<Offset>
							<AbsDimension x="0" y="2" />
						</Offset>
					</Anchor>
				</Anchors>
				<Layers>
					<Layer level="BACKGROUND">
						<Texture name="BWP_TLocFu1FrameEditBackground">
							<Color r="0" g="0" b="0" a="0.75"/>
						</Texture>
					</Layer>
					<Layer level="ARTWORK">
					<Texture file="Interface\CastingBar\UI-CastingBar-Border">
						<Size>
							<AbsDimension x="335" y="80"/>
						</Size>
						<Anchors>
							<Anchor point="CENTER" relativeTo="BWP_TLocFu1Frame" relativePoint="CENTER">
								<Offset>
									<AbsDimension x="0" y="2" />
								</Offset>
							</Anchor>
						</Anchors>
					</Texture>
					</Layer>
				</Layers>
				<FontString inherits="GameFontNormal">
					<Color r="1" g="1" b="1" a="1"/>
				</FontString>
				<Scripts>
					<OnEnterPressed>
						BWP_TLocFu1_Submit();
					</OnEnterPressed>
					<OnEscapePressed>
						HideUIPanel(BWP_TLocFu1Frame);
					</OnEscapePressed>
				</Scripts>
			</EditBox>
			<Scripts>
				<OnEnterPressed>
					BWP_TLocFu1_Submit();
				</OnEnterPressed>
				<OnEscapePressed>
					HideUIPanel(BWP_TLocFu1Frame);
				</OnEscapePressed>
			</Scripts>
		</Frames>
		<Scripts>
			<OnDragStart>
				this:StartMoving();
				this.isMoving = true;
			</OnDragStart>
			<OnDragStop>
				this:StopMovingOrSizing();
				this.isMoving = false;
			</OnDragStop>
		</Scripts>
		
	</Frame>
	
</Ui>
