<Ui xmlns="http://www.blizzard.com/wow/ui/" xmlns:xsi="http://www.w3.org/2001/XMLSchema-instance" xsi:schemaLocation="http://www.blizzard.com/wow/ui/
..\FrameXML\UI.xsd">
	<Script file="localization.lua"/>
	<Script file="TitanManaGem.lua"/>
	<Frame parent="UIParent">
		<Frames>
			<Button name="TitanPanelManaGemMenuButton" inherits="TitanPanelComboTemplate" frameStrata="FULLSCREEN" toplevel="true">
				<Scripts>
					<OnLoad>
						TitanPanelmanaGemMenuButton_OnLoad();
						TitanPanelButton_OnLoad();
					</OnLoad>
					<OnClick>
						TitanPanelManaGemButton_OnClick(arg1)
						TitanPanelButton_OnClick(arg1);
					</OnClick>
				</Scripts>
			</Button>
		</Frames>
	</Frame>	
</Ui>
