<!-- Backup this file before installing new versions of SuperMacro -->
<Bindings>
	<Binding name="TOGGLESUPERMACRO" header="SUPERMACROHEADER">
		if ( not SuperMacroFrame:IsVisible() ) then
			ShowUIPanel(SuperMacroFrame);
		else
			HideUIPanel(SuperMacroFrame);
		end;
	</Binding>
	<Binding name="OPENCHATSCRIPT">
		ChatFrame_OpenChat("/script ");
	</Binding>
	<Binding name="OPENCHATMACRO">
		ChatFrame_OpenChat("/macro ");
	</Binding>
	<Binding name="SM_ATTACK">
		RunMacro("Attack");
		-- make a macro called Attack (note caps) with this body:
		-- /script if ( not PlayerFrame.inCombat ) then CastSpellByName("Attack"); end;
	</Binding>
	<Binding name="SM_PETATTACK">
		RunMacro("PetAttack");
		-- make a macro called PetAttack (note caps) with this body:
		-- /script CastPetAction(1);
		-- put your pet attack icon on first slot of pet bar
	</Binding>
	<Binding name="SM_MACRO1">RunMacro(1);</Binding>
	<Binding name="SM_MACRO2">RunMacro(2);</Binding>
	<Binding name="SM_MACRO3">RunMacro(3);</Binding>
	<Binding name="SM_MACRO4">RunMacro(4);</Binding>
	<Binding name="SM_MACRO5">RunMacro(5);</Binding>
	<Binding name="SM_MACRO6">RunMacro(6);</Binding>
	<Binding name="SM_MACRO7">RunMacro(7);</Binding>
	<Binding name="SM_MACRO8">RunMacro(8);</Binding>
	<Binding name="SM_MACRO9">RunMacro(9);</Binding>
	<Binding name="SM_MACRO10">RunMacro(10);</Binding>
	<Binding name="SM_MACRO11">RunMacro(11);</Binding>
	<Binding name="SM_MACRO12">RunMacro(12);</Binding>
	<Binding name="SM_MACRO13">RunMacro(13);</Binding>
	<Binding name="SM_MACRO14">RunMacro(14);</Binding>
	<Binding name="SM_MACRO15">RunMacro(15);</Binding>
	<Binding name="SM_MACRO16">RunMacro(16);</Binding>
	<Binding name="SM_MACRO17">RunMacro(17);</Binding>
	<Binding name="SM_MACRO18">RunMacro(18);</Binding>
	<Binding name="SM_MACRO19">RunMacro(19);</Binding>
	<Binding name="SM_MACRO20">RunMacro(20);</Binding>
	<Binding name="SM_MACRO21">RunMacro(21);</Binding>
	<Binding name="SM_MACRO22">RunMacro(22);</Binding>
	<Binding name="SM_MACRO23">RunMacro(23);</Binding>
	<Binding name="SM_MACRO24">RunMacro(24);</Binding>
	<Binding name="SM_MACRO25">RunMacro(25);</Binding>
	<Binding name="SM_MACRO26">RunMacro(26);</Binding>
	<Binding name="SM_MACRO27">RunMacro(27);</Binding>
	<Binding name="SM_MACRO28">RunMacro(28);</Binding>
	<Binding name="SM_MACRO29">RunMacro(29);</Binding>
	<Binding name="SM_MACRO30">RunMacro(30);</Binding>
	<Binding name="SM_MACRO31">RunMacro(31);</Binding>
	<Binding name="SM_MACRO32">RunMacro(32);</Binding>
	<Binding name="SM_MACRO33">RunMacro(33);</Binding>
	<Binding name="SM_MACRO34">RunMacro(34);</Binding>
	<Binding name="SM_MACRO35">RunMacro(35);</Binding>
	<Binding name="SM_MACRO36">RunMacro(36);</Binding>
	<Binding name="SM_SUPERMACRO1">RunSuperMacro(1);</Binding>
	<Binding name="SM_SUPERMACRO2">RunSuperMacro(2);</Binding>
	<Binding name="SM_SUPERMACRO3">RunSuperMacro(3);</Binding>
	<Binding name="SM_SUPERMACRO4">RunSuperMacro(4);</Binding>
	<Binding name="SM_SUPERMACRO5">RunSuperMacro(5);</Binding>
	<Binding name="SM_SUPERMACRO6">RunSuperMacro(6);</Binding>
	<Binding name="SM_SUPERMACRO7">RunSuperMacro(7);</Binding>
	<Binding name="SM_SUPERMACRO8">RunSuperMacro(8);</Binding>
	<Binding name="SM_SUPERMACRO9">RunSuperMacro(9);</Binding>
	<Binding name="SM_SUPERMACRO10">RunSuperMacro(10);</Binding>
<!-- Put your personal macro bindings here, using the above as examples -->
<!-- Backup this file before installing new versions of SuperMacro -->
</Bindings>