<Ui xmlns="http://www.blizzard.com/wow/ui/" xmlns:xsi="http://www.w3.org/2001/XMLSchema-instance" xsi:schemaLocation="http://www.blizzard.com/wow/ui/
..\FrameXML\UI.xsd">
	<Script file="TitanTrans.lua"/>
	<Frame name="TitanPanelTransControlFrameTemplate" virtual="true" hidden="true">
		<Size>
			<AbsDimension x="90" y="170" />
		</Size>
		<Backdrop bgFile="Interface\Tooltips\UI-Tooltip-Background" edgeFile="Interface\Tooltips\UI-Tooltip-Border" tile="true">
			<EdgeSize>
				<AbsValue val="16"/>
			</EdgeSize>
			<TileSize>
				<AbsValue val="16"/>
			</TileSize>
			<BackgroundInsets>
				<AbsInset left="5" right="5" top="5" bottom="5"/>
			</BackgroundInsets>
		</Backdrop>
		<Layers>
			<Layer>
				<FontString name="$parentTitle" inherits="GameFontNormalSmall">
					<Anchors>
						<Anchor point="TOP">
							<Offset>
								<AbsDimension x="0" y="-10" />
							</Offset>
						</Anchor>
					</Anchors>
				</FontString>
			</Layer>
		</Layers>
		<Frames>
			<Slider name="TitanPanelTransControlSlider" inherits="TitanOptionsSliderTemplate">
				<Anchors>
					<Anchor point="TOP">
						<Offset>
							<AbsDimension x="0" y="-40"/>
						</Offset>
					</Anchor>
				</Anchors>
				<Scripts>
					<OnShow>
						TitanPanelTransControlSlider_OnShow();
					</OnShow>
					<OnValueChanged>
						TitanPanelTransControlSlider_OnValueChanged();
					</OnValueChanged>
					<OnEnter>
						TitanPanelTransControlSlider_OnEnter();
					</OnEnter>
					<OnLeave>
						TitanPanelTransControlSlider_OnLeave()
					</OnLeave>
				</Scripts>
			</Slider>
		</Frames>
		<Scripts>
			<OnLoad>
				TitanPanelTransControlFrame_OnLoad();
			</OnLoad>
			<OnEnter>
				TitanUtils_StopFrameCounting(this);
			</OnEnter>
			<OnLeave>
				TitanUtils_StartFrameCounting(this, TITAN_TRANS_FRAME_SHOW_TIME);
			</OnLeave>
			<OnUpdate>
				TitanPanelTransControlFrame_OnUpdate(arg1);
			</OnUpdate>
		</Scripts>
	</Frame>
	<Frame parent="UIParent">
		<Frames>
			<Button name="TitanPanelTransButton" inherits="TitanPanelIconTemplate" frameStrata="FULLSCREEN" toplevel="true">
				<Scripts>
					<OnLoad>
						TitanPanelTransButton_OnLoad();
						TitanPanelButton_OnLoad();
					</OnLoad>
				</Scripts>
			</Button>
			<Frame name="TitanPanelTransControlFrame" inherits="TitanPanelTransControlFrameTemplate" frameStrata="FULLSCREEN" toplevel="true" />
		</Frames>
	</Frame>	
</Ui>