<Ui xmlns="http://www.blizzard.com/wow/ui/" xmlns:xsi="http://www.w3.org/2001/XMLSchema-instance" xsi:schemaLocation="http://www.blizzard.com/wow/ui/
..\FrameXML\UI.xsd">
	<Script file="TitanAuxAutoHide.lua"/>
	<Frame parent="UIParent">
		<Frames>
			<Button name="TitanPanelAuxAutoHideButton" inherits="TitanPanelIconTemplate" frameStrata="FULLSCREEN" toplevel="true">
				<Scripts>
					<OnLoad>
						TitanPanelAuxAutoHideButton_OnLoad();
						TitanPanelButton_OnLoad();
					</OnLoad>
					<OnShow>
						TitanPanelAuxAutoHideButton_OnShow();
					</OnShow>
					<OnClick>
						TitanPanelAuxAutoHideButton_OnClick(arg1);
						TitanPanelButton_OnClick(arg1);
					</OnClick>
				</Scripts>
			</Button>
		</Frames>
	</Frame>	
</Ui>