<Ui xmlns="http://www.blizzard.com/wow/ui/" xmlns:xsi="http://www.w3.org/2001/XMLSchema-instance" xsi:schemaLocation="http://www.blizzard.com/wow/ui/ ..\FrameXML\UI.xsd">
	<Script file="decl.lua"/>
	<Script file="TitanClothTracker.lua"/>
	<Frame parent="UIParent">
		<Frames>
			<Button frameStrata="FULLSCREEN" inherits="TitanPanelComboTemplate" name="TitanPanelClothTrackerButton" toplevel="true">
				<Scripts>
					<OnLoad>
						ax_OnLoad();
						TitanPanelButton_OnLoad();
					</OnLoad>
					<OnEvent>
						ax_OnEvent(event);
					</OnEvent>
					<OnClick>
						TitanPanelClothTrackerButton_OnClick();
					</OnClick>
				</Scripts>
			</Button>
		</Frames>
	</Frame>
</Ui>
