<Ui xmlns="http://www.blizzard.com/wow/ui/">
	<Script file="datatexts.lua"/>
	<Script file="system.lua"/>
	<Script file="armor.lua"/>
	<Script file="avoidance.lua"/>
	<Script file="bags.lua"/>
	<Script file="combattime.lua"/>
	<Script file="coordinates.lua"/>
	<Script file="crit.lua"/>
	<Script file="dps.lua"/>
	<Script file="durability.lua"/>
	<Script file="friends.lua"/>
	<Script file="guild.lua"/>
	<Script file="haste.lua"/>
	<Script file="hit.lua"/>
	<Script file="honorablekills.lua"/>
	<Script file="hps.lua"/>
	<Script file="regen.lua"/>
	<Script file="time.lua"/>
	<Script file="gold.lua"/>
	<Script file="attackpower.lua"/>
	<Script file="spellpower.lua"/>
	<Script file="battleground.lua"/>
	<Script file="resilience.lua"/>
	<Script file="achievement.lua"/>
	<Script file="elvuiconfig.lua"/>
</Ui>