<ui xmlns="http://www.blizzard.com/wow/ui/" xmlns:xsi="http://www.w3.org/2001/XMLSchema-instance" xsi:schemaLocation="http://www.blizzard.com/wow/ui/
..\FrameXML\UI.xsd">
	<script file="Localization.lua"/>
	<script file="TitanMacroMenu.lua"/>
	<frame parent="UIParent">
		<frames>
			<button name="TitanPanelMacroMenuButton" inherits="TitanPanelComboTemplate" frameStrata="FULLSCREEN" toplevel="true">
				<scripts>
					<onload>
						TitanPanelMacroMenuButton_OnLoad();
						TitanPanelButton_OnLoad();
					</onload>
					<onevent>
						TitanPanelMacroMenuButton_OnEvent();
					</onevent>
				</scripts>
			</button>
			<button name="TitanPanelMacroMenuRightButton" inherits="TitanPanelIconTemplate" frameStrata="FULLSCREEN" toplevel="true">
				<scripts>
					<onload>
						TitanPanelMacroMenuRightButton_OnLoad();
						TitanPanelButton_OnLoad();
					</onload>
				</scripts>
			</button>
		</frames>
	</frame>	
</ui>