<Ui xmlns="http://www.blizzard.com/wow/ui/" xmlns:xsi="http://www.w3.org/2001/XMLSchema-instance" xsi:schemaLocation="http://www.blizzard.com/wow/ui/
..\FrameXML\UI.xsd">
    <Script file="Localization.lua"/>
    <Script file="SpamThrottle.lua"/>
    
    <GameTooltip name="SpamThrottleTooltip" frameStrata="TOOLTIP" hidden="true" inherits="GameTooltipTemplate">
		<Scripts>
			<OnLoad>
				this:SetOwner(WorldFrame, "ANCHOR_NONE");
			</OnLoad>
		</Scripts>
	</GameTooltip>
    
    <!-- Event Frame -->
	<Frame name="SpamThrottleEventFrame" hidden="true">
		<Scripts>
			<OnLoad>SpamThrottle_OnLoad()</OnLoad>
			<OnEvent>SpamThrottle_OnEvent()</OnEvent>
			<OnUpdate>SpamThrottle_OnUpdate()</OnUpdate>
			<OnEscapePressed>SpamThrottleConfigFrame:Hide()</OnEscapePressed>
		</Scripts>
	</Frame>
	
	<!-- Edit Box Template -->
	<EditBox name="SpamThrottleEditBoxTemplate" historyLines="0" virtual="true">
            <Size>
                    <AbsDimension x="260" y="16"/>
            </Size>
            <Layers>
                    <Layer level="BACKGROUND">
                            <Texture name="$parentLeft" file="Interface\ChatFrame\UI-ChatInputBorder-Left">
                                    <Size>
                                            <AbsDimension x="65" y="32"/>
                                    </Size>
                                    <Anchors>
                                            <Anchor point="LEFT">
                                                    <Offset>
                                                            <AbsDimension x="-10" y="0"/>
                                                    </Offset>
                                            </Anchor>
                                    </Anchors>
                                    <TexCoords left="0" right="0.2539" top="0" bottom="1.0"/>
                            </Texture>
                            <Texture name="$parentRight" file="Interface\ChatFrame\UI-ChatInputBorder-Right">
                                    <Size>
                                            <AbsDimension x="25" y="32"/>
                                    </Size>
                                    <Anchors>
                                            <Anchor point="RIGHT">
                                                    <Offset>
                                                            <AbsDimension x="10" y="0"/>
                                                    </Offset>
                                            </Anchor>
                                    </Anchors>
                                    <TexCoords left="0.9" right="1.0" top="0" bottom="1.0"/>
                            </Texture>
                            <Texture file="Interface\ChatFrame\UI-ChatInputBorder-Left">
                                    <Size>
                                            <AbsDimension x="5" y="32"/>
                                    </Size>
                                    <Anchors>
                                            <Anchor point="LEFT" relativeTo="$parentLeft" relativePoint="RIGHT">
                                                    <Offset>
                                                            <AbsDimension x="0" y="0"/>
                                                    </Offset>
                                            </Anchor>
                                            <Anchor point="RIGHT" relativeTo="$parentRight" relativePoint="LEFT">
                                                    <Offset>
                                                            <AbsDimension x="0" y="0"/>
                                                    </Offset>
                                            </Anchor>
                                    </Anchors>
                                    <TexCoords left="0.29296875" right="1.0" top="0" bottom="1.0"/>
                            </Texture>
                    </Layer>
            </Layers>
			<Scripts>
				<OnEscapePressed>SpamThrottleConfigFrame:Hide()</OnEscapePressed>
			</Scripts>
            <FontString inherits="ChatFontNormal"/>
    </EditBox>
    
    <!-- Slider Templates -->
	<Slider name="SpamThrottleSliderTemplate" inherits="OptionsSliderTemplate" minValue="0" maxValue="3600" valueStep="10" virtual="true">
		<Scripts>
			<OnEnter>
				GameTooltip:SetOwner(this, "ANCHOR_RIGHT");
				GameTooltip:SetText(this:GetValue());
			</OnEnter>
			<OnValueChanged>
				GameTooltip:SetText(this:GetValue());
			</OnValueChanged>
			<OnLeave>
				GameTooltip:Hide();
			</OnLeave>
		</Scripts>
	</Slider>
    
    <!-- Status Message Templates -->
    <Button name="SpamThrottleStatusButtonLeftTemplate" virtual="true">
		<Size>
			<AbsDimension x="500" y="16"/>
		</Size>
		<Scripts>
			<OnClick>
			</OnClick>
			<OnEnter>
			</OnEnter>
			<OnLeave>
				GameTooltip:Hide();
			</OnLeave>
		</Scripts>
		<NormalText name="$parentText" inherits="GameFontNormal" justifyH="LEFT">
			<Size>
				<AbsDimension x="500" y="12"/>
			</Size>
			<Anchors>
				<Anchor point="LEFT">
					<Offset>
						<AbsDimension x="20" y="0"/>
					</Offset>
				</Anchor>
			</Anchors>
		</NormalText>
	</Button>
    
    <Button name="SpamThrottleStatusButtonRightTemplate" virtual="true">
		<Size>
			<AbsDimension x="50" y="16"/>
		</Size>
		<Scripts>
			<OnClick>
			</OnClick>
			<OnEnter>
			</OnEnter>
			<OnLeave>
				GameTooltip:Hide();
			</OnLeave>
		</Scripts>
		<NormalText name="$parentText" inherits="GameFontNormal" justifyH="RIGHT">
			<Size>
				<AbsDimension x="70" y="12"/>
			</Size>
			<Anchors>
				<Anchor point="LEFT">
					<Offset>
						<AbsDimension x="10" y="0"/>
					</Offset>
				</Anchor>
			</Anchors>
		</NormalText>
	</Button>

    <!-- Database Picklist Template -->
    <Button name="SpamThrottlePicklistTemplate" virtual="true">
		<Size>
			<AbsDimension x="150" y="16"/>
		</Size>
		<Scripts>
			<OnClick>
			</OnClick>
			<OnEnter>
			</OnEnter>
			<OnLeave>
				GameTooltip:Hide();
			</OnLeave>
		</Scripts>
		<NormalText name="$parentText" inherits="GameFontNormal" justifyH="LEFT">
			<Size>
				<AbsDimension x="130" y="12"/>
			</Size>
			<Anchors>
				<Anchor point="LEFT">
					<Offset>
						<AbsDimension x="20" y="0"/>
					</Offset>
				</Anchor>
			</Anchors>
		</NormalText>
	</Button>


    <!-- Config Dialog -->
	<Frame name="SpamThrottleConfigFrame" toplevel="true" frameStrata="DIALOG" movable="true" enableMouse="true" hidden="true" parent="UIParent" enableKeyboard="true">
		<Size>
			<AbsDimension x="790" y="620"/>
		</Size>
		<Anchors>
			<Anchor point="CENTER"/>
		</Anchors>
        
		<Backdrop bgFile="Interface\DialogFrame\UI-DialogBox-Background" edgeFile="Interface\DialogFrame\UI-DialogBox-Border" tile="true">
			<BackgroundInsets>
				<AbsInset left="11" right="12" top="12" bottom="11"/>
			</BackgroundInsets>
			<TileSize>
				<AbsValue val="32"/>
			</TileSize>
			<EdgeSize>
				<AbsValue val="32"/>
			</EdgeSize>
		</Backdrop>
        
        <Layers>
			<Layer level="ARTWORK">
				<Texture name="SpamThrottleConfigFrameHeader" file="Interface\DialogFrame\UI-DialogBox-Header">
					<Size>
						<AbsDimension x="550" y="64"/>
					</Size>
					<Anchors>
						<Anchor point="TOP">
							<Offset>
								<AbsDimension x="0" y="12"/>
							</Offset>
						</Anchor>
					</Anchors>
				</Texture>
                
				<FontString inherits="GameFontNormal" text="SpamThrottleConfigMenuTitle">
					<Anchors>
						<Anchor point="TOP" relativeTo="SpamThrottleConfigFrameHeader">
							<Offset>
								<AbsDimension x="0" y="-14"/>
							</Offset>
						</Anchor>
					</Anchors>
				</FontString>
                
			</Layer>
		</Layers>
        
        <Frames>
			<Frame name="SpamThrottleConfigFrameGeneral" inherits="OptionFrameBoxTemplate">
				<Size>
					<AbsDimension x="375" y="345"/>
				</Size>
				<Anchors>
					<Anchor point="TOPLEFT">
						<Offset>
							<AbsDimension x="12" y="-45"/>
						</Offset>
					</Anchor>
				</Anchors>
        
                <Frames>
                    <CheckButton name="STActive_CheckButton" inherits="OptionsCheckButtonTemplate">
                        <Anchors>
                            <Anchor point="TOPLEFT">
                                <Offset>
                                    <AbsDimension x="14" y="-10"/>
                                </Offset>
                            </Anchor>
                        </Anchors>
                        <Scripts>
                            <OnClick>
                                SpamThrottle_SetAlphas(this:GetChecked());
                            </OnClick>
                        </Scripts>
                    </CheckButton>
                    <CheckButton name="STDupFilter_CheckButton" inherits="OptionsCheckButtonTemplate">
                        <Anchors>
                            <Anchor point="TOPLEFT" relativeTo="STActive_CheckButton" relativePoint="BOTTOMLEFT">
                                <Offset>
                                    <AbsDimension x="35" y="5"/>
                                </Offset>
                            </Anchor>
                        </Anchors>
                    </CheckButton>
                    <CheckButton name="STColor_CheckButton" inherits="OptionsCheckButtonTemplate">
                        <Anchors>
                            <Anchor point="TOPLEFT" relativeTo="STDupFilter_CheckButton" relativePoint="BOTTOMLEFT">
                                <Offset>
                                    <AbsDimension x="0" y="5"/>
                                </Offset>
                            </Anchor>
                        </Anchors>
                    </CheckButton>
                    <CheckButton name="STFuzzy_CheckButton" inherits="OptionsCheckButtonTemplate">
                        <Anchors>
                            <Anchor point="TOPLEFT" relativeTo="STColor_CheckButton" relativePoint="BOTTOMLEFT">
                                <Offset>
                                    <AbsDimension x="0" y="5"/>
                                </Offset>
                            </Anchor>
                        </Anchors>
                    </CheckButton>
                    <CheckButton name="STGoldSeller_CheckButton" inherits="OptionsCheckButtonTemplate">
                        <Anchors>
                            <Anchor point="TOPLEFT" relativeTo="STFuzzy_CheckButton" relativePoint="BOTTOMLEFT">
                                <Offset>
                                    <AbsDimension x="0" y="5"/>
                                </Offset>
                            </Anchor>
                        </Anchors>
                    </CheckButton>
                    <CheckButton name="STChinese_CheckButton" inherits="OptionsCheckButtonTemplate">
                        <Anchors>
                            <Anchor point="TOPLEFT" relativeTo="STGoldSeller_CheckButton" relativePoint="BOTTOMLEFT">
                                <Offset>
                                    <AbsDimension x="0" y="5"/>
                                </Offset>
                            </Anchor>
                        </Anchors>
                    </CheckButton>
                    <CheckButton name="STCtrlMsgs_CheckButton" inherits="OptionsCheckButtonTemplate">
                        <Anchors>
                            <Anchor point="TOPLEFT" relativeTo="STChinese_CheckButton" relativePoint="BOTTOMLEFT">
                                <Offset>
                                    <AbsDimension x="0" y="5"/>
                                </Offset>
                            </Anchor>
                        </Anchors>
                    </CheckButton>
                    <CheckButton name="STYellMsgs_CheckButton" inherits="OptionsCheckButtonTemplate">
                        <Anchors>
                            <Anchor point="TOPLEFT" relativeTo="STCtrlMsgs_CheckButton" relativePoint="BOTTOMLEFT">
                                <Offset>
                                    <AbsDimension x="0" y="5"/>
                                </Offset>
                            </Anchor>
                        </Anchors>
                    </CheckButton>
                    <CheckButton name="STSayMsgs_CheckButton" inherits="OptionsCheckButtonTemplate">
                        <Anchors>
                            <Anchor point="TOPLEFT" relativeTo="STYellMsgs_CheckButton" relativePoint="BOTTOMLEFT">
                                <Offset>
                                    <AbsDimension x="0" y="5"/>
                                </Offset>
                            </Anchor>
                        </Anchors>
                    </CheckButton>
                   <CheckButton name="STWispMsgs_CheckButton" inherits="OptionsCheckButtonTemplate">
                        <Anchors>
                            <Anchor point="TOPLEFT" relativeTo="STSayMsgs_CheckButton" relativePoint="BOTTOMLEFT">
                                <Offset>
                                    <AbsDimension x="0" y="5"/>
                                </Offset>
                            </Anchor>
                        </Anchors>
                        <Scripts>
                            <OnClick>
                                SpamThrottle_SetWispBackAlpha(this:GetChecked());
                            </OnClick>
                        </Scripts>
                    </CheckButton>
                   <CheckButton name="STWispBack_CheckButton" inherits="OptionsCheckButtonTemplate">
                        <Anchors>
                            <Anchor point="TOPLEFT" relativeTo="STWispMsgs_CheckButton" relativePoint="BOTTOMLEFT">
                                <Offset>
                                    <AbsDimension x="35" y="5"/>
                                </Offset>
                            </Anchor>
                        </Anchors>
                   </CheckButton>
                   <CheckButton name="STReverse_CheckButton" inherits="OptionsCheckButtonTemplate">
                   		<Anchors>
                            <Anchor point="TOPLEFT" relativeTo="STWispBack_CheckButton" relativePoint="BOTTOMLEFT">
                                <Offset>
                                    <AbsDimension x="-35" y="5"/>
                                </Offset>
                            </Anchor>
                        </Anchors>
                   </CheckButton>
                   
                </Frames>
                <Scripts>
					<OnShow>
						this:SetBackdropBorderColor(0.4, 0.4, 0.4);
						this:SetBackdropColor(0.15, 0.15, 0.15);
						getglobal(this:GetName().."Title"):SetText(SpamThrottleGlobalOptions);
					</OnShow>
				</Scripts>
            </Frame>
            
            <Frame name="SpamThrottleConfigFrameStatus" inherits="OptionFrameBoxTemplate">
                <Size>
                    <AbsDimension x="375" y="345"/>
                </Size>
                <Anchors>
                    <Anchor point="TOPLEFT" relativePoint="TOPRIGHT" relativeTo="SpamThrottleConfigFrameGeneral">
                        <Offset>
                            <AbsDimension x="15" y="0"/>
                        </Offset>
                    </Anchor>
                </Anchors>
                
                <Frames>
                    
                    <Button name="SpamThrottleStatusValue1" inherits="SpamThrottleStatusButtonRightTemplate" id="1" hidden="true">
                        <Anchors>
                            <Anchor point="TOPLEFT" relativeto="SpamThrottleConfigFrameStatus" relativePoint="TOPLEFT">
                                <Offset>
                                    <AbsDimension x="-20" y="-20"/>
                                </Offset>
                            </Anchor>
                        </Anchors>
                    </Button>
                    <Button name="SpamThrottleStatusValue2" inherits="SpamThrottleStatusButtonRightTemplate" id="2" hidden="true">
                        <Anchors>
                            <Anchor point="TOPLEFT" relativeto="SpamThrottleStatusValue1" relativePoint="BOTTOMLEFT">
                                <Offset>
                                    <AbsDimension x="0" y="-10"/>
                                </Offset>
                            </Anchor>
                        </Anchors>
                    </Button>
                    <Button name="SpamThrottleStatusValue4" inherits="SpamThrottleStatusButtonRightTemplate" id="4" hidden="true">
                        <Anchors>
                            <Anchor point="TOPLEFT" relativeto="SpamThrottleStatusValue2" relativePoint="BOTTOMLEFT">
                                <Offset>
                                    <AbsDimension x="0" y="-10"/>
                                </Offset>
                            </Anchor>
                        </Anchors>
                    </Button>
                    <Button name="SpamThrottleStatusValue5" inherits="SpamThrottleStatusButtonRightTemplate" id="5" hidden="true">
                        <Anchors>
                            <Anchor point="TOPLEFT" relativeto="SpamThrottleStatusValue4" relativePoint="BOTTOMLEFT">
                                <Offset>
                                    <AbsDimension x="0" y="-10"/>
                                </Offset>
                            </Anchor>
                        </Anchors>
                    </Button>
                    <Button name="SpamThrottleStatusValue6" inherits="SpamThrottleStatusButtonRightTemplate" id="6" hidden="true">
                        <Anchors>
                            <Anchor point="TOPLEFT" relativeto="SpamThrottleStatusValue5" relativePoint="BOTTOMLEFT">
                                <Offset>
                                    <AbsDimension x="0" y="-10"/>
                                </Offset>
                            </Anchor>
                        </Anchors>
                    </Button>


                    <Button name="SpamThrottleStatusText1" inherits="SpamThrottleStatusButtonLeftTemplate" id="1" hidden="true">
                        <Anchors>
                            <Anchor point="TOPLEFT" relativeto="SpamThrottleConfigFrameStatus" relativePoint="TOPLEFT">
                                <Offset>
                                    <AbsDimension x="45" y="-20"/>
                                </Offset>
                            </Anchor>
                        </Anchors>
                    </Button>
                    <Button name="SpamThrottleStatusText2" inherits="SpamThrottleStatusButtonLeftTemplate" id="2" hidden="true">
                        <Anchors>
                            <Anchor point="TOPLEFT" relativeto="SpamThrottleStatusText1" relativePoint="BOTTOMLEFT">
                                <Offset>
                                    <AbsDimension x="0" y="-10"/>
                                </Offset>
                            </Anchor>
                        </Anchors>
                    </Button>
                    <Button name="SpamThrottleStatusText4" inherits="SpamThrottleStatusButtonLeftTemplate" id="4" hidden="true">
                        <Anchors>
                            <Anchor point="TOPLEFT" relativeto="SpamThrottleStatusText2" relativePoint="BOTTOMLEFT">
                                <Offset>
                                    <AbsDimension x="0" y="-10"/>
                                </Offset>
                            </Anchor>
                        </Anchors>
                    </Button>
                    <Button name="SpamThrottleStatusText5" inherits="SpamThrottleStatusButtonLeftTemplate" id="5" hidden="true">
                        <Anchors>
                            <Anchor point="TOPLEFT" relativeto="SpamThrottleStatusText4" relativePoint="BOTTOMLEFT">
                                <Offset>
                                    <AbsDimension x="0" y="-10"/>
                                </Offset>
                            </Anchor>
                        </Anchors>
                    </Button>
                    <Button name="SpamThrottleStatusText6" inherits="SpamThrottleStatusButtonLeftTemplate" id="6" hidden="true">
                        <Anchors>
                            <Anchor point="TOPLEFT" relativeto="SpamThrottleStatusText5" relativePoint="BOTTOMLEFT">
                                <Offset>
                                    <AbsDimension x="0" y="-10"/>
                                </Offset>
                            </Anchor>
                        </Anchors>
                    </Button>
                    <Button name="SpamThrottleStatusText7" inherits="SpamThrottleStatusButtonLeftTemplate" id="7" hidden="true">
                        <Anchors>
                            <Anchor point="TOPLEFT" relativeto="SpamThrottleStatusValue6" relativePoint="BOTTOMLEFT">
                                <Offset>
                                    <AbsDimension x="15" y="-20"/>
                                </Offset>
                            </Anchor>
                        </Anchors>
                    </Button>
                   <Button name="SpamThrottleStatusText8" inherits="SpamThrottleStatusButtonRightTemplate" id="8" hidden="true">
                        <Anchors>
                            <Anchor point="TOPLEFT" relativeto="SpamThrottleStatusValue6" relativePoint="BOTTOMLEFT">
                                <Offset>
                                    <AbsDimension x="0" y="-45"/>
                                </Offset>
                            </Anchor>
                        </Anchors>
                    </Button>
                   <Button name="SpamThrottleStatusText9" inherits="SpamThrottleStatusButtonRightTemplate" id="9" hidden="true">
                        <Anchors>
                            <Anchor point="TOPLEFT" relativeto="SpamThrottleStatusText8" relativePoint="BOTTOMLEFT">
                                <Offset>
                                    <AbsDimension x="0" y="-13"/>
                                </Offset>
                            </Anchor>
                        </Anchors>
                    </Button>
                   <Button name="SpamThrottleStatusText10" inherits="SpamThrottleStatusButtonRightTemplate" id="10" hidden="true">
                        <Anchors>
                            <Anchor point="TOPLEFT" relativeto="SpamThrottleStatusText9" relativePoint="BOTTOMLEFT">
                                <Offset>
                                    <AbsDimension x="0" y="-13"/>
                                </Offset>
                            </Anchor>
                        </Anchors>
                    </Button>

					<EditBox name="STWhiteChannel1_EditBox" inherits="SpamThrottleEditBoxTemplate">
                        <Anchors>
                            <Anchor point="TOPLEFT" relativeto="SpamThrottleStatusText8" relativePoint="TOPRIGHT">
                                <Offset>
                                    <AbsDimension x="40" y="0"/>
                                </Offset>
                            </Anchor>
                        </Anchors>
						<Scripts>
							<OnTabPressed>
								STWhiteChannel2_EditBox:SetFocus();
							</OnTabPressed>
						</Scripts>
					</EditBox>

					<EditBox name="STWhiteChannel2_EditBox" inherits="SpamThrottleEditBoxTemplate">
                        <Anchors>
                            <Anchor point="TOPLEFT" relativeto="SpamThrottleStatusText9" relativePoint="TOPRIGHT">
                                <Offset>
                                    <AbsDimension x="40" y="0"/>
                                </Offset>
                            </Anchor>
                        </Anchors>
						<Scripts>
							<OnTabPressed>
								STWhiteChannel3_EditBox:SetFocus();
							</OnTabPressed>
						</Scripts>					</EditBox>
					
					<EditBox name="STWhiteChannel3_EditBox" inherits="SpamThrottleEditBoxTemplate">
                        <Anchors>
                            <Anchor point="TOPLEFT" relativeto="SpamThrottleStatusText10" relativePoint="TOPRIGHT">
                                <Offset>
                                    <AbsDimension x="40" y="0"/>
                                </Offset>
                            </Anchor>
                        </Anchors>
						<Scripts>
							<OnTabPressed>
								STWhiteChannel1_EditBox:SetFocus();
							</OnTabPressed>
						</Scripts>					</EditBox>
					
                    <Slider name="STGap_Slider" inherits="SpamThrottleSliderTemplate">
                        <Size>
                            <AbsDimension x="270" y="20"/>
                        </Size>
                       <Anchors>
                            <Anchor point="TOPLEFT">
                                <Offset>
                                    <AbsDimension x="55" y="-295"/>
                                </Offset>
                            </Anchor>
                        </Anchors>
                    </Slider>
                    
                </Frames>
                
                <Scripts>
                    <OnShow>
                        this:SetBackdropBorderColor(0.4, 0.4, 0.4);
                        this:SetBackdropColor(0.15, 0.15, 0.15);
                        getglobal(this:GetName().."Title"):SetText(SpamThrottleStatus);
                    </OnShow>
                </Scripts>
            </Frame>
            
            <Frame name="SpamThrottleConfigFrameKeywords" inherits="OptionFrameBoxTemplate">
                <Size>
                    <AbsDimension x="375" y="200"/>
                </Size>
                <Anchors>
                    <Anchor point="TOPLEFT" relativePoint="BOTTOMLEFT" relativeTo="SpamThrottleConfigFrameGeneral">
                        <Offset>
                            <AbsDimension x="0" y="-20"/>
                        </Offset>
                    </Anchor>
                </Anchors>
                
                <Frames>
                    <Button name="SpamThrottleKeywordItem1" inherits="SpamThrottlePicklistTemplate" id="6" hidden="true">
                        <Anchors>
                            <Anchor point="TOPLEFT" relativeto="SpamThrottleConfigFrameKeywords">
                                <Offset>
                                    <AbsDimension x="30" y="-22"/>
                                </Offset>
                            </Anchor>
                        </Anchors>
                        <Scripts>
                            <OnClick>
                                SpamThrottleKeywordList_OnClick(this);
                            </OnClick>
                        </Scripts>
                    </Button>
                    <Button name="SpamThrottleKeywordItem2" inherits="SpamThrottlePicklistTemplate" id="7" hidden="true">
                        <Anchors>
                            <Anchor point="TOPLEFT" relativeto="SpamThrottleKeywordItem1" relativePoint="BOTTOMLEFT">
                                <Offset>
                                    <AbsDimension x="0" y="1"/>
                                </Offset>
                            </Anchor>
                        </Anchors>
                        <Scripts>
                            <OnClick>
                                SpamThrottleKeywordList_OnClick(this);
                            </OnClick>
                        </Scripts>
                    </Button>
                    <Button name="SpamThrottleKeywordItem3" inherits="SpamThrottlePicklistTemplate" id="8" hidden="true">
                        <Anchors>
                            <Anchor point="TOPLEFT" relativeto="SpamThrottleKeywordItem2" relativePoint="BOTTOMLEFT">
                                <Offset>
                                    <AbsDimension x="0" y="1"/>
                                </Offset>
                            </Anchor>
                        </Anchors>
                        <Scripts>
                            <OnClick>
                                SpamThrottleKeywordList_OnClick(this);
                            </OnClick>
                        </Scripts>
                    </Button>
                    <Button name="SpamThrottleKeywordItem4" inherits="SpamThrottlePicklistTemplate" id="9" hidden="true">
                        <Anchors>
                            <Anchor point="TOPLEFT" relativeto="SpamThrottleKeywordItem3" relativePoint="BOTTOMLEFT">
                                <Offset>
                                    <AbsDimension x="0" y="1"/>
                                </Offset>
                            </Anchor>
                        </Anchors>
                        <Scripts>
                            <OnClick>
                                SpamThrottleKeywordList_OnClick(this);
                            </OnClick>
                        </Scripts>
                    </Button>
                    <Button name="SpamThrottleKeywordItem5" inherits="SpamThrottlePicklistTemplate" id="10" hidden="true">
                        <Anchors>
                            <Anchor point="TOPLEFT" relativeto="SpamThrottleKeywordItem4" relativePoint="BOTTOMLEFT">
                                <Offset>
                                    <AbsDimension x="0" y="1"/>
                                </Offset>
                            </Anchor>
                        </Anchors>
                        <Scripts>
                            <OnClick>
                                SpamThrottleKeywordList_OnClick(this);
                            </OnClick>
                        </Scripts>
                    </Button>
                    <Button name="SpamThrottleKeywordItem6" inherits="SpamThrottlePicklistTemplate" id="11" hidden="true">
                        <Anchors>
                            <Anchor point="TOPLEFT" relativeto="SpamThrottleKeywordItem5" relativePoint="BOTTOMLEFT">
                                <Offset>
                                    <AbsDimension x="0" y="1"/>
                                </Offset>
                            </Anchor>
                        </Anchors>
                        <Scripts>
                            <OnClick>
                                SpamThrottleKeywordList_OnClick(this);
                            </OnClick>
                        </Scripts>
                    </Button>
                    <Button name="SpamThrottleKeywordItem7" inherits="SpamThrottlePicklistTemplate" id="12" hidden="true">
                        <Anchors>
                            <Anchor point="TOPLEFT" relativeto="SpamThrottleKeywordItem6" relativePoint="BOTTOMLEFT">
                                <Offset>
                                    <AbsDimension x="0" y="1"/>
                                </Offset>
                            </Anchor>
                        </Anchors>
                        <Scripts>
                            <OnClick>
                                SpamThrottleKeywordList_OnClick(this);
                            </OnClick>
                        </Scripts>
                    </Button>
                    <Button name="SpamThrottleKeywordItem8" inherits="SpamThrottlePicklistTemplate" id="13" hidden="true">
                        <Anchors>
                            <Anchor point="TOPLEFT" relativeto="SpamThrottleKeywordItem7" relativePoint="BOTTOMLEFT">
                                <Offset>
                                    <AbsDimension x="0" y="1"/>
                                </Offset>
                            </Anchor>
                        </Anchors>
                        <Scripts>
                            <OnClick>
                                SpamThrottleKeywordList_OnClick(this);
                            </OnClick>
                        </Scripts>
                    </Button>
                    <Button name="SpamThrottleKeywordItem9" inherits="SpamThrottlePicklistTemplate" id="14" hidden="true">
                        <Anchors>
                            <Anchor point="TOPLEFT" relativeto="SpamThrottleKeywordItem8" relativePoint="BOTTOMLEFT">
                                <Offset>
                                    <AbsDimension x="0" y="1"/>
                                </Offset>
                            </Anchor>
                        </Anchors>
                        <Scripts>
                            <OnClick>
                                SpamThrottleKeywordList_OnClick(this);
                            </OnClick>
                        </Scripts>
                    </Button>
                    
                    <ScrollFrame name="KeywordListScrollFrame" inherits="FauxScrollFrameTemplate">
                        <Size>
                            <AbsDimension x="220" y="190"/>
                        </Size>
                        <Anchors>
                            <Anchor point="TOPLEFT" relativeTo="SpamThrottleConfigFrameKeywords">
                                <Offset>
                                    <AbsDimension x="5" y="-6"/>
                                </Offset>
                            </Anchor>
                        </Anchors>
                        <Layers>
                            <Layer level="ARTWORK">
                                <Texture name="$parentScrollBarTop" file="Interface\PaperDollInfoFrame\UI-Character-ScrollBar">
                                    <Size>
                                        <AbsDimension x="31" y="256"/>
                                    </Size>
                                    <Anchors>
                                        <Anchor point="TOP" relativeTo="$parentScrollBarScrollUpButton">
                                            <Offset>
                                                <AbsDimension x="0" y="5"/>
                                            </Offset>
                                        </Anchor>
                                    </Anchors>
                                    <TexCoords left="0" right="0.484375" top="0" bottom="1.0"/>
                                </Texture>
                                <Texture file="Interface\PaperDollInfoFrame\UI-Character-ScrollBar">
                                    <Size>
                                        <AbsDimension x="31" y="106"/>
                                    </Size>
                                    <Anchors>
                                        <Anchor point="BOTTOM" relativeTo="$parentScrollBarScrollDownButton">
                                            <Offset>
                                                <AbsDimension x="0" y="-2"/>
                                            </Offset>
                                        </Anchor>
                                    </Anchors>
                                    <TexCoords left="0.515625" right="1.0" top="0" bottom="0.4140625"/>
                                </Texture>
                            </Layer>
                        </Layers>
                        <Scripts>
                            <OnVerticalScroll>
                                FauxScrollFrame_OnVerticalScroll(16, SpamThrottle_KeywordList_Update);
                            </OnVerticalScroll>
                            <OnShow>
                                SpamThrottle_KeywordList_Update();
                            </OnShow>
                        </Scripts>
                    </ScrollFrame>
                    
                    <Button name="SpamThrottleKeywordAdd" inherits="GameMenuButtonTemplate" text="Add">
                        <Size>
                            <AbsDimension x="100" y="22"/>
                        </Size>
                        <Anchors>
                            <Anchor point="BOTTOMRIGHT" relativeto="SpamThrottleConfigFrameKeywords">
                                <Offset>
                                    <AbsDimension x="-15" y="160"/>
                                </Offset>
                            </Anchor>
                        </Anchors>
                        <Scripts>
                            <OnClick>
                                StaticPopup_Show("SPAMTHROTTLE_ADD_KEYWORD", SpamThrottleChatMsg.EnterFilterKeyword);
                            </OnClick>
                        </Scripts>
                    </Button>
                    
                    <Button name="SpamThrottleKeywordDelete" inherits="GameMenuButtonTemplate" text="Remove">
                        <Size>
                            <AbsDimension x="100" y="22"/>
                        </Size>
                        <Anchors>
                            <Anchor point="TOPLEFT" relativeto="SpamThrottleKeywordAdd" relativePoint="BOTTOMLEFT">
                                <Offset>
                                    <AbsDimension x="0" y="-15"/>
                                </Offset>
                            </Anchor>
                        </Anchors>
                        <Scripts>
                            <OnClick>
                                SpamThrottle_RemoveLastClicked();
                            </OnClick>
                        </Scripts>
                    </Button>


                </Frames>
                
                <Scripts>
                    <OnShow>
                        this:SetBackdropBorderColor(0.4, 0.4, 0.4);
                        this:SetBackdropColor(0.15, 0.15, 0.15);
                        getglobal(this:GetName().."Title"):SetText(SpamThrottleKeywords);
                    </OnShow>
                </Scripts>
            </Frame>
            
            <Frame name="SpamThrottleConfigFramePlayerbans" inherits="OptionFrameBoxTemplate">
                <Size>
                    <AbsDimension x="375" y="200"/>
                </Size>
                <Anchors>
                    <Anchor point="TOPLEFT" relativePoint="BOTTOMLEFT" relativeTo="SpamThrottleConfigFrameStatus">
                        <Offset>
                            <AbsDimension x="0" y="-20"/>
                        </Offset>
                    </Anchor>
                </Anchors>
                
                <Frames>
                    <Button name="SpamThrottlePlayerbanItem1" inherits="SpamThrottlePicklistTemplate" id="20" hidden="true">
                        <Anchors>
                            <Anchor point="TOPLEFT" relativeto="SpamThrottleConfigFramePlayerbans">
                                <Offset>
                                    <AbsDimension x="35" y="-22"/>
                                </Offset>
                            </Anchor>
                        </Anchors>
                        <Scripts>
                            <OnClick>
                                SpamThrottlePlayerList_OnClick(this);
                            </OnClick>
                        </Scripts>
                    </Button>
                    <Button name="SpamThrottlePlayerbanItem2" inherits="SpamThrottlePicklistTemplate" id="21" hidden="true">
                        <Anchors>
                            <Anchor point="TOPLEFT" relativeto="SpamThrottlePlayerbanItem1" relativePoint="BOTTOMLEFT">
                                <Offset>
                                    <AbsDimension x="0" y="1"/>
                                </Offset>
                            </Anchor>
                        </Anchors>
                        <Scripts>
                            <OnClick>
                                SpamThrottlePlayerList_OnClick(this);
                            </OnClick>
                        </Scripts>
                    </Button>
                    <Button name="SpamThrottlePlayerbanItem3" inherits="SpamThrottlePicklistTemplate" id="22" hidden="true">
                        <Anchors>
                            <Anchor point="TOPLEFT" relativeto="SpamThrottlePlayerbanItem2" relativePoint="BOTTOMLEFT">
                                <Offset>
                                    <AbsDimension x="0" y="1"/>
                                </Offset>
                            </Anchor>
                        </Anchors>
                        <Scripts>
                            <OnClick>
                                SpamThrottlePlayerList_OnClick(this);
                            </OnClick>
                        </Scripts>
                    </Button>
                    <Button name="SpamThrottlePlayerbanItem4" inherits="SpamThrottlePicklistTemplate" id="23" hidden="true">
                        <Anchors>
                            <Anchor point="TOPLEFT" relativeto="SpamThrottlePlayerbanItem3" relativePoint="BOTTOMLEFT">
                                <Offset>
                                    <AbsDimension x="0" y="1"/>
                                </Offset>
                            </Anchor>
                        </Anchors>
                        <Scripts>
                            <OnClick>
                                SpamThrottlePlayerList_OnClick(this);
                            </OnClick>
                        </Scripts>
                    </Button>
                    <Button name="SpamThrottlePlayerbanItem5" inherits="SpamThrottlePicklistTemplate" id="24" hidden="true">
                        <Anchors>
                            <Anchor point="TOPLEFT" relativeto="SpamThrottlePlayerbanItem4" relativePoint="BOTTOMLEFT">
                                <Offset>
                                    <AbsDimension x="0" y="1"/>
                                </Offset>
                            </Anchor>
                        </Anchors>
                        <Scripts>
                            <OnClick>
                                SpamThrottlePlayerList_OnClick(this);
                            </OnClick>
                        </Scripts>
                    </Button>
                    <Button name="SpamThrottlePlayerbanItem6" inherits="SpamThrottlePicklistTemplate" id="25" hidden="true">
                        <Anchors>
                            <Anchor point="TOPLEFT" relativeto="SpamThrottlePlayerbanItem5" relativePoint="BOTTOMLEFT">
                                <Offset>
                                    <AbsDimension x="0" y="1"/>
                                </Offset>
                            </Anchor>
                        </Anchors>
                        <Scripts>
                            <OnClick>
                                SpamThrottlePlayerList_OnClick(this);
                            </OnClick>
                        </Scripts>
                    </Button>
                    <Button name="SpamThrottlePlayerbanItem7" inherits="SpamThrottlePicklistTemplate" id="26" hidden="true">
                        <Anchors>
                            <Anchor point="TOPLEFT" relativeto="SpamThrottlePlayerbanItem6" relativePoint="BOTTOMLEFT">
                                <Offset>
                                    <AbsDimension x="0" y="1"/>
                                </Offset>
                            </Anchor>
                        </Anchors>
                        <Scripts>
                            <OnClick>
                                SpamThrottlePlayerList_OnClick(this);
                            </OnClick>
                        </Scripts>
                    </Button>
                    <Button name="SpamThrottlePlayerbanItem8" inherits="SpamThrottlePicklistTemplate" id="27" hidden="true">
                        <Anchors>
                            <Anchor point="TOPLEFT" relativeto="SpamThrottlePlayerbanItem7" relativePoint="BOTTOMLEFT">
                                <Offset>
                                    <AbsDimension x="0" y="1"/>
                                </Offset>
                            </Anchor>
                        </Anchors>
                        <Scripts>
                            <OnClick>
                                SpamThrottlePlayerList_OnClick(this);
                            </OnClick>
                        </Scripts>
                    </Button>
                    <Button name="SpamThrottlePlayerbanItem9" inherits="SpamThrottlePicklistTemplate" id="28" hidden="true">
                        <Anchors>
                            <Anchor point="TOPLEFT" relativeto="SpamThrottlePlayerbanItem8" relativePoint="BOTTOMLEFT">
                                <Offset>
                                    <AbsDimension x="0" y="1"/>
                                </Offset>
                            </Anchor>
                        </Anchors>
                        <Scripts>
                            <OnClick>
                                SpamThrottlePlayerList_OnClick(this);
                            </OnClick>
                        </Scripts>
                    </Button>
                    
                    <ScrollFrame name="PlayerbanListScrollFrame" inherits="FauxScrollFrameTemplate">
                        <Size>
                            <AbsDimension x="220" y="190"/>
                        </Size>
                        <Anchors>
                            <Anchor point="TOPLEFT" relativeTo="SpamThrottleConfigFramePlayerbans">
                                <Offset>
                                    <AbsDimension x="5" y="-6"/>
                                </Offset>
                            </Anchor>
                        </Anchors>
                        <Layers>
                            <Layer level="ARTWORK">
                                <Texture name="$parentScrollBarTop" file="Interface\PaperDollInfoFrame\UI-Character-ScrollBar">
                                    <Size>
                                        <AbsDimension x="31" y="256"/>
                                    </Size>
                                    <Anchors>
                                        <Anchor point="TOP" relativeTo="$parentScrollBarScrollUpButton">
                                            <Offset>
                                                <AbsDimension x="0" y="5"/>
                                            </Offset>
                                        </Anchor>
                                    </Anchors>
                                    <TexCoords left="0" right="0.484375" top="0" bottom="1.0"/>
                                </Texture>
                                <Texture file="Interface\PaperDollInfoFrame\UI-Character-ScrollBar">
                                    <Size>
                                        <AbsDimension x="31" y="106"/>
                                    </Size>
                                    <Anchors>
                                        <Anchor point="BOTTOM" relativeTo="$parentScrollBarScrollDownButton">
                                            <Offset>
                                                <AbsDimension x="0" y="-2"/>
                                            </Offset>
                                        </Anchor>
                                    </Anchors>
                                    <TexCoords left="0.515625" right="1.0" top="0" bottom="0.4140625"/>
                                </Texture>
                            </Layer>
                        </Layers>
                        <Scripts>
                            <OnVerticalScroll>
                                FauxScrollFrame_OnVerticalScroll(16, SpamThrottle_PlayerbanList_Update);
                            </OnVerticalScroll>
                            <OnShow>
                                SpamThrottle_PlayerbanList_Update();
                            </OnShow>
                        </Scripts>
                    </ScrollFrame>
                    
                    <Button name="SpamThrottlePlayerbanAdd" inherits="GameMenuButtonTemplate" text="Add Ban">
                        <Size>
                            <AbsDimension x="100" y="22"/>
                        </Size>
                        <Anchors>
                            <Anchor point="BOTTOMRIGHT" relativeto="SpamThrottleConfigFramePlayerbans">
                                <Offset>
                                    <AbsDimension x="-15" y="160"/>
                                </Offset>
                            </Anchor>
                        </Anchors>
                        <Scripts>
                            <OnClick>
                                StaticPopup_Show("SPAMTHROTTLE_ADD_PLAYERBAN", SpamThrottleChatMsg.EnterPlayername);
                            </OnClick>
                        </Scripts>
                    </Button>
                    
                    <Button name="SpamThrottlePlayerbanDelete" inherits="GameMenuButtonTemplate" text="Remove">
                        <Size>
                            <AbsDimension x="100" y="22"/>
                        </Size>
                        <Anchors>
                            <Anchor point="TOPLEFT" relativeto="SpamThrottlePlayerbanAdd" relativePoint="BOTTOMLEFT">
                                <Offset>
                                    <AbsDimension x="0" y="-15"/>
                                </Offset>
                            </Anchor>
                        </Anchors>
                        <Scripts>
                            <OnClick>
                                SpamThrottle_RemoveLastClicked();
                            </OnClick>
                        </Scripts>
                    </Button>
                    
                    <CheckButton name="STBanPerm_CheckButton" inherits="OptionsCheckButtonTemplate">
                        <Anchors>
                            <Anchor point="TOPLEFT" relativeTo="SpamThrottlePlayerbanDelete" relativePoint="BOTTOMLEFT">
                                <Offset>
                                    <AbsDimension x="0" y="-15"/>
                                </Offset>
                            </Anchor>
                        </Anchors>
                        <Scripts>
                            <OnClick>
                                SpamThrottle_SetBanSliderAlpha(this:GetChecked());
                            </OnClick>
                        </Scripts>
                    </CheckButton>
                    
                    <Slider name="STBanTimeout_Slider" inherits="SpamThrottleSliderTemplate">
                        <Size>
                            <AbsDimension x="100" y="20"/>
                        </Size>
                        <Anchors>
                            <Anchor point="TOPLEFT" relativeTo="STBanPerm_CheckButton" relativePoint="BOTTOMLEFT">
                                <Offset>
                                    <AbsDimension x="0" y="-15"/>
                                </Offset>
                            </Anchor>
                        </Anchors>
                    </Slider>



                </Frames>


                <Scripts>
                    <OnShow>
                        this:SetBackdropBorderColor(0.4, 0.4, 0.4);
                        this:SetBackdropColor(0.15, 0.15, 0.15);
                        getglobal(this:GetName().."Title"):SetText(SpamThrottlePlayerbans);
                    </OnShow>
                </Scripts>
            </Frame>
            
            
            <Button name="SpamThrottleConfigFrameDefaults" inherits="GameMenuButtonTemplate" text="DEFAULTS">
				<Size>
					<AbsDimension x="100" y="22"/>
				</Size>
				<Anchors>
					<Anchor point="BOTTOMLEFT" relativePoint="BOTTOM">
						<Offset>
							<AbsDimension x="15" y="16"/>
						</Offset>
					</Anchor>
				</Anchors>
				<Scripts>
					<OnClick>
						SpamThrottleConfigFrameLoadSettings(Default_SpamThrottle_Config);
					</OnClick>
				</Scripts>
			</Button>
            
			<Button name="SpamThrottleConfigFrameOkay" inherits="GameMenuButtonTemplate" text="OKAY">
				<Size>
					<AbsDimension x="100" y="22"/>
				</Size>
				<Anchors>
					<Anchor point="BOTTOMLEFT" relativePoint="BOTTOM">
						<Offset>
							<AbsDimension x="175" y="16"/>
						</Offset>
					</Anchor>
				</Anchors>
				<Scripts>
					<OnClick>
						SpamThrottleConfigFrameOkay_OnClick();
					</OnClick>
				</Scripts>
			</Button>
            
			<Button name="SpamThrottleConfigFrameCancel" inherits="GameMenuButtonTemplate" text="CANCEL">
				<Size>
					<AbsDimension x="100" y="22"/>
				</Size>
				<Anchors>
					<Anchor point="BOTTOMLEFT" relativePoint="BOTTOM">
						<Offset>
							<AbsDimension x="280" y="16"/>
						</Offset>
					</Anchor>
				</Anchors>
				<Scripts>
					<OnClick>
						SpamThrottleConfigFrame:Hide();
					</OnClick>
				</Scripts>
			</Button>
        </Frames>
        
        <Scripts>
            <OnShow>
                SpamThrottleConfigFrame_OnShow();
            </OnShow>
        </Scripts>
        
    </Frame>
</Ui>
