<Ui xmlns="http://www.blizzard.com/wow/ui/" xmlns:xsi="http://www.w3.org/2001/XMLSchema-instance" xsi:schemaLocation="http://www.blizzard.com/wow/ui/
..\FrameXML\UI.xsd">
	<Script file="Localization.lua"/>
	<Script file="TitanItemDed.lua"/>
	<Script file="TitanItemDedItems.lua"/> 
	<Script file="TitanItemDedUserItems.lua"/> 
	<Frame parent="UIParent">
		<Frames>
			<Button name="TitanPanelItemDedButton" inherits="TitanPanelComboTemplate" frameStrata="FULLSCREEN" toplevel="true">
				<Scripts>
					<OnLoad>
						TitanItemDed_OnLoad();
						TitanPanelButton_OnLoad();
					</OnLoad>
					<OnEvent>
						TitanItemDed_OnEvent();
					</OnEvent>
					<OnClick>
						TitanItemDed_OnClick(arg1);
						TitanPanelButton_OnClick(arg1);
					</OnClick>
					<OnDoubleClick>
						TitanItemDed_OnDoubleClick(arg1);
					</OnDoubleClick>
				</Scripts>
			</Button>
		</Frames>
	</Frame>	
	<GameTooltip name="TPIDTooltip" frameStrata="TOOLTIP" hidden="true" parent="UIParent" inherits="GameTooltipTemplate"/>
</Ui>