<Ui xmlns="http://www.blizzard.com/wow/ui/" xmlns:xsi="http://www.w3.org/2001/XMLSchema-instance" xsi:schemaLocation="http://www.blizzard.com/wow/ui/
..\FrameXML\UI.xsd">
	<Script file="Localization.lua"/>
	<Script file="TitanXPStatus.lua"/>
	<Frame parent="UIParent">
		<Frames>
			<Button name="TitanPanelXPStatusButton" inherits="TitanPanelComboTemplate" frameStrata="FULLSCREEN" toplevel="true">
				<Scripts>
					<OnLoad>
						TitanPanelXPStatusButton_OnLoad()
						TitanPanelButton_OnLoad()
					</OnLoad>
					<OnEvent>
						TitanPanelXPStatusButton_OnEvent();
					</OnEvent>
			<OnClick>
				TitanPanelButton_OnClick(arg1);
				TitanPanelXPStatusButton_OnClick();
			</OnClick>
					<OnHide>
						XPStatus:Hide()
					</OnHide>
				</Scripts>
			</Button>
		</Frames>
	</Frame>
	<Frame name="XPStatusBar" toplevel="true" frameStrata="FULLSCREEN" parent="UIParent" movable="true">
		<Size>
			<AbsDimension x="100" y="5"/>
		</Size>
		<Anchors>
			<Anchor point="CENTER" relativeTo="TitanXPStatus" relativePoint="CENTER">
				<Offset>
					<AbsDimension x="0" y="0"/>
				</Offset>
			</Anchor>
		</Anchors>
		<Frames>
			<StatusBar name="XPStatus" drawLayer="ARTWORK" toplevel="true" frameStrata="HIGH" minValue="0" maxValue="1" defaultValue="1" parent="XPStatus">
				<Size>
					<AbsDimension x="100" y="5"/>
				</Size>
				<Anchors>
					<Anchor point="bottom" relativeto="TitanPanelXPStatusButton">
						<Offset>
							<AbsDimension x="0" y="-11"/>
						</Offset>
					</Anchor>
				</Anchors>
				<BarTexture file="Interface\TargetingFrame\UI-StatusBar"/>
				<BarColor r="0.0" g="1.0" b="0.0"/>
			</StatusBar>
			<StatusBar name="XPStatusBG" drawLayer="ARTWORK" toplevel="true" frameStrata="LOW" minValue="0" maxValue="1" defaultValue="1" parent="XPStatus">
				<Size>
					<AbsDimension x="100" y="5"/>
				</Size>
				<Anchors>
					<Anchor point="bottom" relativeto="TitanPanelXPStatusButton">
						<Offset>
							<AbsDimension x="0" y="-11"/>
						</Offset>
					</Anchor>
				</Anchors>
				<BarTexture file="Interface\TargetingFrame\UI-StatusBar"/>
				<BarColor r="1.0" g="0.0" b="0.0"/>
			</StatusBar>
		</Frames>
	</Frame>
</Ui>