<Ui xmlns="http://www.blizzard.com/wow/ui/" xmlns:xsi="http://www.w3.org/2001/XMLSchema-instance" xsi:schemaLocation="http://www.blizzard.com/wow/ui/
..\FrameXML\UI.xsd">
	<Script file="TitanRepair.lua"/>
	
	<GameTooltip name="TitanRepairTooltip" inherits="GameTooltipTemplate" parent="UIParent" hidden="true"/>
	<Frame parent="UIParent">
		<Frames>
			<Button name="TitanPanelRepairButton" inherits="TitanPanelComboTemplate" frameStrata="FULLSCREEN" toplevel="true">
				<Scripts>
					<OnLoad>
						TitanPanelRepairButton_OnLoad();
						TitanPanelButton_OnLoad();
					</OnLoad>
					<OnEvent>
						TitanPanelRepairButton_OnEvent();
					</OnEvent>
					<OnUpdate>
						TitanPanelRepairButton_OnUpdate(arg1);
					</OnUpdate>
				</Scripts>
			</Button>
		</Frames>
	</Frame>		
</Ui>
